ENZYMES	6.272815704345703	9.497042179107666	0.23333333333333334	0.5493316256446266	2	False	 3  4  1  7  1  2  0  5  2  5  0  5  3  7  4  5  0  2  1  3  3  8  1  3
  2 10  4  5  2  3  1  3  2  4  3  6
ENZYMES	6.2512290477752686	8.558029174804688	0.23333333333333334	0.5518781785631047	2	False	 3  5  2  5  1  2  0  5  2  5  0  5  3  7  4  5  0  2  1  3  3  8  1  3
  2 11  4  5  2  2  1  3  2  4  3  6
ENZYMES	6.222698450088501	8.658838987350464	0.24166666666666667	0.5453140775000992	2	False	 3  3  1  7  1  3  0  5  2  4  0  6  4  5  5  5  0  2  2  2  3  8  1  3
  3 10  3  6  1  3  1  2  2  4  3  7
ENZYMES	6.173627614974976	8.486185073852539	0.23333333333333334	0.5493316256446266	2	False	 3  4  1  7  1  2  0  5  2  5  0  5  3  7  4  5  0  2  1  3  3  8  1  3
  2 10  4  5  2  3  1  3  2  4  3  6
ENZYMES	6.205350160598755	8.723591566085815	0.24166666666666667	0.5534172596816891	2	False	 4  3  1  5  3  2  1  4  2  5  0  5  3  6  6  4  0  2  2  4  2  8  2  1
  2 10  4  5  2  3  2  5  1  4  2  5
ENZYMES	6.517979383468628	8.586451053619385	0.225	0.5708517866409557	3	False	 3  2  1 10  0  2  2  3  2  5  0  5  1  3  7  5  0  5  2  2  3  8  1  3
  2  8  5  6  0  5  1  5  0  6  1  6
ENZYMES	6.514557361602783	8.478336334228516	0.225	0.5755137766082002	3	False	 3  2  1 10  0  2  1  3  2  5  0  6  1  3  7  5  0  5  3  2  3  8  0  3
  2  8  5  6  0  5  0  5  1  6  1  6
ENZYMES	6.508501291275024	8.429203748703003	0.20833333333333334	0.575992043622175	3	False	1 3 2 8 2 2 2 2 3 5 0 5 2 3 8 5 0 3 3 2 3 8 0 3 4 6 6 6 0 4 2 4 1 5 1 6
ENZYMES	6.515332221984863	8.61413049697876	0.225	0.5756400021324041	3	False	 3  4  0  7  1  3  2  4  1  5  0  5  1  6  6  5  0  3  3  1  4  7  1  3
  2 11  3  6  0  4  1  5  1  4  1  7
ENZYMES	6.540326356887817	8.364806890487671	0.225	0.5755137766082002	3	False	 3  2  1 10  0  2  1  3  2  5  0  6  1  3  7  5  0  5  3  2  3  8  0  3
  2  8  5  6  0  5  0  5  1  6  1  6
ENZYMES	6.827219247817993	8.41035008430481	0.24166666666666667	0.5692893104615654	4	False	 2  5  3  7  0  1  1  2  3  5  0  6  0  4 10  5  0  2  2  3  5  7  0  2
  4  8  4  6  0  4  1  4  1  5  0  8
ENZYMES	6.8800811767578125	8.369860410690308	0.24166666666666667	0.5692893104615654	4	False	 2  5  3  7  0  1  1  2  3  5  0  6  0  4 10  5  0  2  2  3  5  7  0  2
  4  8  4  6  0  4  1  4  1  5  0  8
ENZYMES	6.84089994430542	8.210438251495361	0.24166666666666667	0.5692893104615654	4	False	 2  5  3  7  0  1  1  2  3  5  0  6  0  4 10  5  0  2  2  3  5  7  0  2
  4  8  4  6  0  4  1  4  1  5  0  8
ENZYMES	6.82360315322876	8.30123257637024	0.24166666666666667	0.5692893104615654	4	False	 2  5  3  7  0  1  1  2  3  5  0  6  0  4 10  5  0  2  2  3  5  7  0  2
  4  8  4  6  0  4  1  4  1  5  0  8
ENZYMES	6.779301404953003	8.28660535812378	0.23333333333333334	0.5651267370329577	4	False	2 5 3 7 0 1 1 2 3 5 0 6 1 4 9 5 0 2 2 3 5 7 0 2 3 9 4 6 0 4 1 4 1 5 0 8
BZR	3.1737658977508545	7.886437177658081	0.8888888888888888	0.5339506172839507	2	False	72  0  9  0
BZR	3.1452903747558594	7.867900133132935	0.8888888888888888	0.5339506172839507	2	False	72  0  9  0
BZR	3.2129647731781006	8.072826385498047	0.8888888888888888	0.5339506172839507	2	False	72  0  9  0
BZR	3.1894428730010986	8.140026330947876	0.8888888888888888	0.5339506172839507	2	False	72  0  9  0
BZR	3.222182512283325	7.898060321807861	0.8888888888888888	0.5339506172839507	2	False	72  0  9  0
BZR	3.3885345458984375	7.932185649871826	0.8888888888888888	0.4891975308641975	3	False	72  0  9  0
BZR	3.430469274520874	7.900315046310425	0.8888888888888888	0.4891975308641975	3	False	72  0  9  0
BZR	3.4006288051605225	7.9007697105407715	0.8888888888888888	0.4891975308641975	3	False	72  0  9  0
BZR	3.388939380645752	7.863293647766113	0.8888888888888888	0.4891975308641975	3	False	72  0  9  0
BZR	3.402627468109131	7.890627145767212	0.8888888888888888	0.4891975308641975	3	False	72  0  9  0
BZR	3.597569227218628	7.9770188331604	0.8888888888888888	0.46604938271604934	4	False	72  0  9  0
BZR	3.5607800483703613	8.091766834259033	0.8888888888888888	0.45987654320987653	4	False	72  0  9  0
BZR	3.613736629486084	7.942974090576172	0.8765432098765432	0.48148148148148145	4	False	71  1  9  0
BZR	3.597839593887329	7.964823961257935	0.8765432098765432	0.48148148148148145	4	False	71  1  9  0
BZR	3.597909927368164	8.005318880081177	0.8765432098765432	0.4783950617283951	4	False	71  1  9  0
MUTAG	0.5964534282684326	7.455109596252441	0.6578947368421053	0.6000000000000001	2	False	 7  6  7 18
MUTAG	0.6014902591705322	7.498780965805054	0.6578947368421053	0.5846153846153846	2	False	 7  6  7 18
MUTAG	0.5956897735595703	7.499278545379639	0.6578947368421053	0.5846153846153846	2	False	 7  6  7 18
MUTAG	0.6416223049163818	7.499748945236206	0.6578947368421053	0.5846153846153846	2	False	 7  6  7 18
MUTAG	0.6054677963256836	7.445510149002075	0.6578947368421053	0.5846153846153846	2	False	 7  6  7 18
MUTAG	0.6480891704559326	7.537039041519165	0.6842105263157895	0.6430769230769231	3	False	 7  6  6 19
MUTAG	0.6466059684753418	7.615134954452515	0.7105263157894737	0.6461538461538461	3	False	 6  7  4 21
MUTAG	0.6460452079772949	7.617251873016357	0.6842105263157895	0.6461538461538461	3	False	 5  8  4 21
MUTAG	0.6484460830688477	7.3951029777526855	0.7105263157894737	0.6523076923076923	3	False	 7  6  5 20
MUTAG	0.6456809043884277	7.696067571640015	0.6842105263157895	0.6492307692307692	3	False	 5  8  4 21
MUTAG	0.6883077621459961	7.642444372177124	0.7368421052631579	0.6738461538461539	4	False	 4  9  1 24
MUTAG	0.6812543869018555	7.771531581878662	0.7368421052631579	0.6707692307692308	4	False	 4  9  1 24
MUTAG	0.6839263439178467	7.7375993728637695	0.6842105263157895	0.6799999999999999	4	False	 5  8  4 21
MUTAG	0.6898534297943115	7.681906700134277	0.6842105263157895	0.6707692307692308	4	False	 5  8  4 21
MUTAG	0.6858417987823486	7.693178176879883	0.7368421052631579	0.6738461538461539	4	False	 4  9  1 24
PROTEINS	22.310314893722534	9.74977421760559	0.6412556053811659	0.6920593660908938	2	False	109  25  55  34
PROTEINS	22.039308547973633	9.558268785476685	0.6412556053811659	0.6920593660908938	2	False	109  25  55  34
PROTEINS	22.108062267303467	9.620124816894531	0.6412556053811659	0.6921432165017608	2	False	109  25  55  34
PROTEINS	22.05867576599121	9.551026582717896	0.6412556053811659	0.6920593660908938	2	False	109  25  55  34
PROTEINS	22.07420253753662	9.743714809417725	0.6412556053811659	0.6921432165017608	2	False	109  25  55  34
PROTEINS	22.716747999191284	9.5785493850708	0.6636771300448431	0.6884537984236123	3	False	110  24  51  38
PROTEINS	22.65126657485962	9.543573141098022	0.6636771300448431	0.6884537984236123	3	False	110  24  51  38
PROTEINS	22.549882173538208	9.543739795684814	0.6547085201793722	0.6888311252725138	3	False	108  26  51  38
PROTEINS	22.749037265777588	9.439820289611816	0.6636771300448431	0.6884537984236123	3	False	110  24  51  38
PROTEINS	22.691657543182373	9.338021039962769	0.6636771300448431	0.6884537984236123	3	False	110  24  51  38
PROTEINS	23.30721640586853	9.447111129760742	0.6636771300448431	0.6973838671809491	4	False	110  24  51  38
PROTEINS	23.297028064727783	9.387343883514404	0.6636771300448431	0.6973838671809491	4	False	110  24  51  38
PROTEINS	23.321153163909912	9.49630880355835	0.6636771300448431	0.6973838671809491	4	False	110  24  51  38
PROTEINS	23.31060528755188	9.451914548873901	0.6636771300448431	0.6973838671809491	4	False	110  24  51  38
PROTEINS	23.173702478408813	9.536290884017944	0.6636771300448431	0.6973838671809491	4	False	110  24  51  38
DHFR	10.614356279373169	8.642606258392334	0.5657894736842105	0.42061855670103093	2	False	10 45 21 76
DHFR	10.465539932250977	8.888177633285522	0.5657894736842105	0.42061855670103093	2	False	10 45 21 76
DHFR	10.537926435470581	8.702146053314209	0.631578947368421	0.43786316776007495	2	False	 2 53  3 94
DHFR	10.515475034713745	8.831653118133545	0.5657894736842105	0.42061855670103093	2	False	10 45 21 76
DHFR	10.48529314994812	8.82929801940918	0.5657894736842105	0.42061855670103093	2	False	10 45 21 76
DHFR	10.973658800125122	8.757237434387207	0.5921052631578947	0.4669165885660731	3	False	11 44 18 79
DHFR	10.890860795974731	8.779562950134277	0.5921052631578947	0.4620431115276476	3	False	 9 46 16 81
DHFR	11.030296802520752	8.960042715072632	0.5921052631578947	0.4620431115276476	3	False	 9 46 16 81
DHFR	10.932164669036865	8.848934173583984	0.5855263157894737	0.45904404873477034	3	False	 9 46 17 80
DHFR	10.95087218284607	9.011552333831787	0.618421052631579	0.4483598875351453	3	False	 6 49  9 88
DHFR	11.565810680389404	8.834730863571167	0.5986842105263158	0.4714151827553889	4	False	 4 51 10 87
DHFR	11.468644857406616	8.76764726638794	0.5921052631578947	0.4950328022492971	4	False	 7 48 14 83
DHFR	11.530276775360107	8.771367073059082	0.5855263157894737	0.49409559512652296	4	False	 7 48 15 82
DHFR	11.486255884170532	8.829814672470093	0.5855263157894737	0.49409559512652296	4	False	 7 48 15 82
DHFR	11.421684265136719	8.764743566513062	0.5921052631578947	0.4950328022492971	4	False	 7 48 14 83
NCI1	171.31199526786804	13.575892686843872	0.5267639902676399	0.5603978567833989	2	False	234 173 216 199
NCI1	170.91215419769287	13.603538274765015	0.5279805352798054	0.5589650987241348	2	False	234 173 215 200
NCI1	171.55804824829102	13.057311773300171	0.5547445255474452	0.5757378407980818	2	False	238 169 197 218
NCI1	169.52443265914917	13.267359256744385	0.551094890510949	0.5723335602853674	2	False	237 170 199 216
NCI1	171.1773715019226	13.241934537887573	0.559610705596107	0.5767443237322755	2	False	239 168 194 221
NCI1	174.15756678581238	13.204704999923706	0.5608272506082725	0.5780083478878659	3	False	246 161 200 215
NCI1	173.11661314964294	13.171677112579346	0.559610705596107	0.577028507148989	3	False	245 162 200 215
NCI1	173.54272437095642	13.22894287109375	0.5608272506082725	0.5780083478878659	3	False	246 161 200 215
NCI1	173.62549543380737	13.264731645584106	0.5364963503649635	0.565403629259051	3	False	232 175 206 209
NCI1	175.01740527153015	13.329710245132446	0.5352798053527981	0.563290015097244	3	False	228 179 203 212
NCI1	176.1625726222992	13.32826280593872	0.5523114355231143	0.5795595157040939	4	False	243 164 204 211
NCI1	177.53325486183167	13.271606683731079	0.5523114355231143	0.5795595157040939	4	False	243 164 204 211
NCI1	176.35692167282104	13.399879693984985	0.5523114355231143	0.5795595157040939	4	False	243 164 204 211
NCI1	176.4698302745819	13.206543922424316	0.5681265206812652	0.5844853615937954	4	False	250 157 198 217
NCI1	175.00079727172852	13.324603796005249	0.5523114355231143	0.5795595157040939	4	False	243 164 204 211
COX2	4.729800462722778	7.862731456756592	0.8085106382978723	0.5136842105263157	2	False	75  0 18  1
COX2	4.568666458129883	7.839492559432983	0.7978723404255319	0.5164912280701754	2	False	74  1 18  1
COX2	4.5876688957214355	7.948148727416992	0.7978723404255319	0.5164912280701754	2	False	75  0 19  0
COX2	4.547282934188843	7.972872734069824	0.7978723404255319	0.5164912280701754	2	False	75  0 19  0
COX2	4.539762020111084	8.025002002716064	0.7978723404255319	0.5164912280701754	2	False	75  0 19  0
COX2	4.813956260681152	7.96052885055542	0.7978723404255319	0.4701754385964912	3	False	75  0 19  0
COX2	4.84981632232666	7.989884614944458	0.7978723404255319	0.4357894736842105	3	False	75  0 19  0
COX2	4.825135946273804	7.957888126373291	0.7978723404255319	0.4357894736842105	3	False	75  0 19  0
COX2	4.827367305755615	7.9411303997039795	0.7978723404255319	0.4357894736842105	3	False	75  0 19  0
COX2	4.82639217376709	7.895051002502441	0.7978723404255319	0.44771929824561396	3	False	75  0 19  0
COX2	5.126878976821899	7.963537931442261	0.7978723404255319	0.5185964912280702	4	False	75  0 19  0
COX2	5.165465354919434	7.9036865234375	0.7978723404255319	0.5185964912280702	4	False	75  0 19  0
COX2	5.091782569885254	7.973844289779663	0.7978723404255319	0.5185964912280702	4	False	75  0 19  0
COX2	5.1063923835754395	7.889082670211792	0.7978723404255319	0.5333333333333333	4	False	75  0 19  0
COX2	5.112690448760986	7.8567445278167725	0.7978723404255319	0.5312280701754386	4	False	75  0 19  0
REDDIT-MULTI-5K	5894.264508962631	16.173872232437134	0.24	0.6113784116177337	2	False	73 90 10 24 18 70 66 20 26 13 43 53 21 35 43 47 38 17 50 45 46 48 20 54
 30
REDDIT-MULTI-5K	5859.283434867859	15.956816673278809	0.24	0.6113784116177337	2	False	73 90 10 24 18 70 66 20 26 13 43 53 21 35 43 47 38 17 50 45 46 48 20 54
 30
REDDIT-MULTI-5K	5848.064259052277	15.600516557693481	0.24	0.6111887594969235	2	False	73 90 10 24 18 71 66 19 25 14 43 53 21 35 43 47 38 18 50 44 47 47 20 54
 30
REDDIT-MULTI-5K	5870.692760229111	15.801854372024536	0.24	0.6111887594969235	2	False	73 90 10 24 18 71 66 19 25 14 43 53 21 35 43 47 38 18 50 44 47 47 20 54
 30
REDDIT-MULTI-5K	5871.953256368637	15.614237785339355	0.24	0.6111887594969235	2	False	73 90 10 24 18 71 66 19 25 14 43 53 21 35 43 47 38 18 50 44 47 47 20 54
 30
REDDIT-MULTI-5K	5899.713834285736	15.857647180557251	0.244	0.6094923874087383	3	False	60 89 32 12 22 58 67 37 11 22 32 52 41 24 46 28 47 38 41 43 31 55 36 41
 35
REDDIT-MULTI-5K	5902.019464492798	15.846003532409668	0.244	0.6089074032101249	3	False	58 91 32 12 22 57 68 37 11 22 32 52 41 24 46 28 47 38 42 42 32 55 35 41
 35
REDDIT-MULTI-5K	5897.4371926784515	16.0311918258667	0.242	0.6115154128266013	3	False	65 95 20 14 21 63 75 26  8 23 32 65 31 18 49 29 52 35 36 45 32 60 32 39
 35
REDDIT-MULTI-5K	5871.528275251389	15.957626581192017	0.24	0.611536016020935	3	False	63 97 20 14 21 64 74 26  8 23 32 64 32 18 49 30 51 35 36 45 32 60 32 39
 35
REDDIT-MULTI-5K	5872.290728807449	15.44302487373352	0.24	0.611536016020935	3	False	63 97 20 14 21 64 74 26  8 23 32 64 32 18 49 30 51 35 36 45 32 60 32 39
 35
REDDIT-MULTI-5K	5904.809670448303	16.24603271484375	0.228	0.6104158079003004	4	False	52 91 37 12 23 54 69 40 15 17 36 54 32 26 47 18 51 34 45 49 32 54 33 49
 30
REDDIT-MULTI-5K	5899.4745852947235	15.920993566513062	0.232	0.6104561798882738	4	False	52 91 37 12 23 54 70 39 15 17 36 54 34 26 45 19 51 33 46 48 32 54 33 49
 30
REDDIT-MULTI-5K	5898.897968292236	16.131287574768066	0.228	0.6104158079003004	4	False	52 91 37 12 23 54 69 40 15 17 36 54 32 26 47 18 51 34 45 49 32 54 33 49
 30
REDDIT-MULTI-5K	5894.643778800964	16.036603212356567	0.232	0.6104561798882738	4	False	52 91 37 12 23 54 70 39 15 17 36 54 34 26 45 19 51 33 46 48 32 54 33 49
 30
REDDIT-MULTI-5K	5902.473215341568	15.858263492584229	0.248	0.6150930599109836	4	False	73 93 11 14 24 71 72 20 13 19 47 53 25 23 47 37 47 19 47 47 40 57 23 47
 31
REDDIT-MULTI-12K	22824.187589883804	22.78788113594055	0.22841575859178542	0.5970537931780989	2	False	  0   2   0   0   0   0   0  17   0 127   2   0   3   0   4   0   0   0
   9   0 197   1   1   0   0   3   0   0   0   7   0 148   4   0   1   0
  17   0   0   0   2   0 202   3   0   1   0   2   0   0   0  20   0  78
   1   0   0   0   6   0   0   0   5   0 199   6   0   1   0   5   0   0
   1   4   0 226  16   0   0   0   1   0   0   0  59   0 153   4   0   1
   0   6   0   0   0   0   0 106   3   0   1   0   7   0   0   1  52   0
 440  22   0   0   0   2   0   0   1   0   0 181  25
REDDIT-MULTI-12K	22937.309229135513	23.12779951095581	0.22799664710813075	0.5968837769874104	2	False	  0   2   0   0   0   0   0  16   0 128   2   0   3   0   4   0   0   0
   9   0 197   1   1   0   0   3   0   0   0   7   0 148   4   0   1   0
  17   0   0   0   3   0 201   3   0   1   0   2   0   0   0  20   0  78
   1   0   0   0   6   0   0   0   6   0 198   6   0   1   0   5   0   0
   1   4   0 226  16   0   0   0   1   0   0   0  58   0 154   4   0   1
   0   6   0   0   0   0   0 106   3   0   1   0   7   0   0   1  52   0
 440  22   0   0   0   2   0   0   1   0   0 181  25
REDDIT-MULTI-12K	22877.86736178398	23.163448333740234	0.22799664710813075	0.5968837769874104	2	False	  0   2   0   0   0   0   0  16   0 128   2   0   3   0   4   0   0   0
   9   0 197   1   1   0   0   3   0   0   0   7   0 148   4   0   1   0
  17   0   0   0   3   0 201   3   0   1   0   2   0   0   0  20   0  78
   1   0   0   0   6   0   0   0   6   0 198   6   0   1   0   5   0   0
   1   4   0 226  16   0   0   0   1   0   0   0  58   0 154   4   0   1
   0   6   0   0   0   0   0 106   3   0   1   0   7   0   0   1  52   0
 440  22   0   0   0   2   0   0   1   0   0 181  25
REDDIT-MULTI-12K	22863.851645946503	22.749323844909668	0.23009220452640403	0.5992451540119106	2	False	  0   2   0   0   0   0   0  16   0 129   1   0   3   0   4   0   0   0
   8   0 199   0   1   0   0   3   0   0   0   7   0 152   0   0   0   0
  17   0   0   0   2   0 204   2   0   1   0   2   0   0   0  18   0  81
   0   0   0   0   6   0   0   0   5   0 202   3   0   0   0   4   0   0
   0   1   0 240   8   0   0   0   1   0   0   0  59   0 156   1   0   1
   0   6   0   0   0   0   0 107   2   0   1   0   7   0   0   1  49   0
 454  11   0   0   0   2   0   0   0   0   0 191  16
REDDIT-MULTI-12K	22933.037301540375	22.83085060119629	0.22799664710813075	0.5968837769874104	2	False	  0   2   0   0   0   0   0  16   0 128   2   0   3   0   4   0   0   0
   9   0 197   1   1   0   0   3   0   0   0   7   0 148   4   0   1   0
  17   0   0   0   3   0 201   3   0   1   0   2   0   0   0  20   0  78
   1   0   0   0   6   0   0   0   6   0 198   6   0   1   0   5   0   0
   1   4   0 226  16   0   0   0   1   0   0   0  58   0 154   4   0   1
   0   6   0   0   0   0   0 106   3   0   1   0   7   0   0   1  52   0
 440  22   0   0   0   2   0   0   1   0   0 181  25
REDDIT-MULTI-12K	22897.162157535553	22.944098472595215	0.22673931265716682	0.596696538994582	3	False	  0   2   0   0   0   0   0  17   0 128   1   0   4   0   5   0   0   0
   8   0 196   1   1   1   0   3   0   0   0   7   0 148   3   0   1   0
  17   0   0   0   2   0 203   2   0   1   0   2   0   0   0  18   0  80
   1   0   0   0   7   0   0   2   5   0 197   5   0   3   0   5   0   0
   0   2   0 229  14   0   1   0   1   0   0   0  59   0 153   3   1   0
   0   7   0   0   0   0   0 104   4   0   4   0   8   0   0   1  52   0
 437  21   0   0   0   2   0   0   1   0   0 182  24
REDDIT-MULTI-12K	22928.372485399246	23.428964853286743	0.22715842414082146	0.5973541299892472	3	False	  0   2   0   0   0   0   0  16   0 129   1   0   4   0   5   0   0   0
   9   0 195   1   1   1   0   3   0   0   0   7   0 148   3   0   1   0
  17   0   0   0   2   0 203   2   0   1   0   2   0   0   0  19   0  79
   1   0   0   0   7   0   0   2   5   0 197   5   0   3   0   5   0   0
   0   2   0 229  14   0   1   0   1   0   0   0  58   0 154   3   0   1
   0   7   0   0   0   0   0 104   4   0   4   0   8   0   0   1  51   0
 439  20   0   0   0   2   0   0   1   0   0 182  24
REDDIT-MULTI-12K	22834.163775920868	22.98714566230774	0.22715842414082146	0.5973541299892472	3	False	  0   2   0   0   0   0   0  16   0 129   1   0   4   0   5   0   0   0
   9   0 195   1   1   1   0   3   0   0   0   7   0 148   3   0   1   0
  17   0   0   0   2   0 203   2   0   1   0   2   0   0   0  19   0  79
   1   0   0   0   7   0   0   2   5   0 197   5   0   3   0   5   0   0
   0   2   0 229  14   0   1   0   1   0   0   0  58   0 154   3   0   1
   0   7   0   0   0   0   0 104   4   0   4   0   8   0   0   1  51   0
 439  20   0   0   0   2   0   0   1   0   0 182  24
REDDIT-MULTI-12K	22873.259226083755	23.03915286064148	0.22673931265716682	0.596696538994582	3	False	  0   2   0   0   0   0   0  17   0 128   1   0   4   0   5   0   0   0
   8   0 196   1   1   1   0   3   0   0   0   7   0 148   3   0   1   0
  17   0   0   0   2   0 203   2   0   1   0   2   0   0   0  18   0  80
   1   0   0   0   7   0   0   2   5   0 197   5   0   3   0   5   0   0
   0   2   0 229  14   0   1   0   1   0   0   0  59   0 153   3   1   0
   0   7   0   0   0   0   0 104   4   0   4   0   8   0   0   1  52   0
 437  21   0   0   0   2   0   0   1   0   0 182  24
REDDIT-MULTI-12K	22899.570839881897	22.9689519405365	0.22673931265716682	0.596696538994582	3	False	  0   2   0   0   0   0   0  17   0 128   1   0   4   0   5   0   0   0
   8   0 196   1   1   1   0   3   0   0   0   7   0 148   3   0   1   0
  17   0   0   0   2   0 203   2   0   1   0   2   0   0   0  18   0  80
   1   0   0   0   7   0   0   2   5   0 197   5   0   3   0   5   0   0
   0   2   0 229  14   0   1   0   1   0   0   0  59   0 153   3   1   0
   0   7   0   0   0   0   0 104   4   0   4   0   8   0   0   1  52   0
 437  21   0   0   0   2   0   0   1   0   0 182  24
REDDIT-MULTI-12K	22968.22805094719	23.32623791694641	0.22883487007544007	0.6039140639159428	4	False	  0   2   0   1   0   0   0  16   0 128   1   0   4   0   4   0   0   0
   8   0 196   2   1   0   0   3   0   0   0   7   0 148   4   0   1   0
  17   0   0   0   2   0 204   1   0   1   0   2   0   0   0  18   0  81
   0   0   0   0   6   0   0   1   5   0 199   5   0   2   0   5   0   0
   0   2   0 232  12   0   1   0   1   0   0   0  60   0 153   2   0   0
   0   6   0   0   0   0   0 106   4   0   3   0   7   0   0   3  50   0
 437  23   0   0   0   2   0   0   3   0   0 176  28
REDDIT-MULTI-12K	22947.79551768303	22.8116192817688	0.22967309304274938	0.6039841301993594	4	False	  0   2   0   1   0   0   0  17   0 127   1   0   4   0   4   0   0   0
  10   0 194   2   1   0   0   3   0   0   0   7   0 148   4   0   1   0
  17   0   0   0   2   0 204   1   0   1   0   2   0   0   0  18   0  81
   0   0   0   0   6   0   0   1   5   0 199   5   0   2   0   5   0   0
   0   2   0 232  12   0   1   0   1   0   0   0  61   0 152   2   0   0
   0   7   0   0   0   0   0 105   4   0   2   0   7   0   0   3  51   0
 437  23   0   0   0   2   0   0   3   0   0 175  29
REDDIT-MULTI-12K	22966.657406806946	23.41462802886963	0.2292539815590947	0.602349678615417	4	False	  0   2   0   1   0   0   0  15   0 129   1   0   4   1   5   0   0   0
   9   0 193   2   1   0   1   3   0   0   0   7   0 147   4   0   1   0
  15   0   0   1   2   0 204   2   0   1   0   1   0   0   1  18   0  81
   0   0   0   0   7   0   0   1   3   0 201   4   0   3   0   3   0   0
   2   2   0 228  15   0   1   0   3   0   0   0  58   0 152   3   0   0
   0   7   0   0   0   0   0 105   4   0   4   0   7   0   0   5  47   0
 439  21   0   0   0   2   0   0   6   0   0 173  28
REDDIT-MULTI-12K	22832.986726999283	23.283698081970215	0.2292539815590947	0.602349678615417	4	False	  0   2   0   1   0   0   0  15   0 129   1   0   4   1   5   0   0   0
   9   0 193   2   1   0   1   3   0   0   0   7   0 147   4   0   1   0
  15   0   0   1   2   0 204   2   0   1   0   1   0   0   1  18   0  81
   0   0   0   0   7   0   0   1   3   0 201   4   0   3   0   3   0   0
   2   2   0 228  15   0   1   0   3   0   0   0  58   0 152   3   0   0
   0   7   0   0   0   0   0 105   4   0   4   0   7   0   0   5  47   0
 439  21   0   0   0   2   0   0   6   0   0 173  28
REDDIT-MULTI-12K	22949.698506355286	23.138867139816284	0.22967309304274938	0.6039841301993594	4	False	  0   2   0   1   0   0   0  17   0 127   1   0   4   0   4   0   0   0
  10   0 194   2   1   0   0   3   0   0   0   7   0 148   4   0   1   0
  17   0   0   0   2   0 204   1   0   1   0   2   0   0   0  18   0  81
   0   0   0   0   6   0   0   1   5   0 199   5   0   2   0   5   0   0
   0   2   0 232  12   0   1   0   1   0   0   0  61   0 152   2   0   0
   0   7   0   0   0   0   0 105   4   0   2   0   7   0   0   3  51   0
 437  23   0   0   0   2   0   0   3   0   0 175  29
