ENZYMES	2.9428343772888184	9.077634811401367	0.225	0.5769049023878968	2	0.05	 6  8 11  0  0  3  3  1  7  2  0  5  3  1 11  2  0  0  6  2  3  3  0  2
  2  5 10  1  1  7  1  3  5  0  1  5
ENZYMES	2.9356868267059326	8.21929407119751	0.21666666666666667	0.5494158771272191	2	0.05	 5  2  6  0  1  0  5  1  8  1  3  3  5  1 11  2  0  2  6  0  8  2  0  1
  3  1 11  2  2  3  5  2 10  1  2  5
ENZYMES	2.9157166481018066	8.223368883132935	0.225	0.5654447383193525	2	0.05	 8  0  6  2  1  3  3  1  9  4  2  3  5  3 11  0  0  0  3  0  8  5  1  1
  6  2  7  3  0  1  2  3  8  1  6  2
ENZYMES	2.90382719039917	8.126928806304932	0.19166666666666668	0.5958538382501527	2	0.05	 4  1 12  1  3  2  4  0  9  1  3  2  1  0 12  1  0  1  4  1 12  2  3  0
  5  0 12  2  3  1  3  0  5  1  7  2
ENZYMES	2.8903017044067383	7.837717056274414	0.24166666666666667	0.5631100966025581	2	0.05	 6  1 11  0  2  0  1  3  7  3  1  2  3  1 11  1  0  0  3  0  6  5  2  0
  5  1 12  2  0  3 10  0 11  3  0  4
ENZYMES	2.8184337615966797	7.990180492401123	0.275	0.5558458981494695	2	0.1	 6  1  8  1  1  3  3  1  5  4  0  7  0  1 14  4  0  3  3  4  5  5  1  4
  3  1 10  0  2  4  4  1  5  0  1  5
ENZYMES	2.8128814697265625	7.83526349067688	0.225	0.5727890493309072	2	0.1	 5  4 10  2  0  4  3  3  6  1  0  4  2  0 12  0  1  1  2  6  7  3  2  0
  2  4 12  2  1  0  3  4 10  1  0  3
ENZYMES	2.8132429122924805	7.668720960617065	0.20833333333333334	0.5852242341645816	2	0.1	 1  3  9  4  1  4  4  0  6  1  2  6  3  0 13  0  2  3  1  1 12  3  1  0
  2  0  7  0  4  4  1  2 10  0  6  4
ENZYMES	2.810751438140869	7.821117639541626	0.18333333333333332	0.5311035103499696	2	0.1	 5  4  8  0  3  2  2  0 12  0  0  3  2  7 11  1  2  1  3  5  8  1  0  3
  3  5  6  0  0  1  3  2 11  0  1  5
ENZYMES	2.7978641986846924	7.871668100357056	0.175	0.5476729766955515	2	0.1	 4  1 12  1  1  1  6  0  9  0  4  2  4  0  9  0  0  2  4  2  8  3  4  0
  0  3 10  0  2  3  6  1  9  2  4  3
ENZYMES	2.7748525142669678	7.894661903381348	0.225	0.5269617659917148	2	0.15	 4  3 14  1  1  0  3  5  8  2  2  1  2  3 11  0  0  0  0  1  6  4  1  0
  1  4 14  0  0  1  7  7 10  0  1  3
ENZYMES	2.7861294746398926	7.804358959197998	0.19166666666666668	0.5436081740220342	2	0.15	 3  2  7  1  3  4  5  2  6  2  2  7  1  3 11  1  1  0  7  0 10  4  1  3
  2  2  8  1  0  5  2  1  9  1  0  3
ENZYMES	2.7792646884918213	7.7162933349609375	0.24166666666666667	0.5698623857054208	2	0.15	 7  5 12  0  2  3  2  4  4  1  1  3  1  5  9  3  1  1  3  3 11  3  0  0
  2  2  5  1  3  4  3  3  7  0  3  3
ENZYMES	2.7793211936950684	7.807028293609619	0.225	0.5468422742636293	2	0.15	 5  1 10  1  2  1  3  2 10  0  1  0  2  2 11  0  1  1  3  0  9  3  3  1
  2  2 11  0  3  2  3  5 11  3  3  3
ENZYMES	2.772606372833252	7.582839250564575	0.225	0.579337784357899	2	0.15	 5  0 16  0  2  0  2  0 12  1  1  8  2  0 14  0  0  1  6  0  7  4  0  2
  2  1 13  0  1  5  0  0 10  0  2  3
ENZYMES	2.767587900161743	7.795136451721191	0.24166666666666667	0.6031834258451082	2	0.2	 4  1  6  1  2  1  3  0  9  2  1  6  3  1 11  3  0  0  4  2  8  8  1  0
  3  3 10  1  1  5  2  3 10  0  0  5
ENZYMES	2.7637832164764404	7.570188999176025	0.18333333333333332	0.527949190485024	2	0.2	 4  0  9  0  4  6  4  2 13  1  2  7  2  0  9  2  2  3  4  0 10  2  3  5
  1  0  4  0  2  4  3  0  8  0  1  3
ENZYMES	2.767892837524414	7.760314226150513	0.26666666666666666	0.6099906908041347	2	0.2	 7  1  5  1  1  2  1  0 12  2  1  3  3  0 15  0  0  1  3  4  9  4  2  2
  0  4 10  2  4  1  3  6  5  0  4  2
ENZYMES	2.773177146911621	7.639110803604126	0.25833333333333336	0.5482032214977077	2	0.2	 6  0  6  3  2  2  3  1 11  2  1  4  0  0 14  1  1  3  1  1  9  4  2  2
  1  0 13  0  2  4  4  2  8  0  3  4
ENZYMES	2.7705512046813965	7.934940814971924	0.25833333333333336	0.5915291421113565	2	0.2	 4  0  8  1  2  1  5  1  9  2  2  4  5  0 13  1  0  0  6  1  6  5  0  2
  4  0  8  3  2  9  3  0  5  1  1  6
ENZYMES	2.7411997318267822	7.438815593719482	0.25	0.6034591801987497	2	0.5	 6  1 11  2  1  1  1  2 12  2  1  4  1  0 11  2  2  2  2  2  7  5  0  2
  2  2 13  5  2  1  0  2  4  1  4  4
ENZYMES	2.729691505432129	7.563004732131958	0.24166666666666667	0.5586812701229017	2	0.5	 6  0 12  1  2  1  2  0 14  2  2  5  1  1 15  0  0  2  5  1  9  2  1  1
  2  0 12  0  1  4  3  0  6  0  2  5
ENZYMES	2.7221992015838623	7.720982313156128	0.23333333333333334	0.5666651019310829	2	0.5	 4  4  8  2  2  1  2  2  8  2  1  0  5  3  9  0  1  2  3  3 10  4  1  3
  2  2  9  1  6  3  2  4  4  0  4  3
ENZYMES	2.735874652862549	7.6499183177948	0.21666666666666667	0.5870164107060586	2	0.5	 6  0  7  1  1  3  2  0 11  3  3  8  0  0 13  0  1  1  2  0 10  0  2  1
  3  1 16  0  1  6  1  0  9  0  2  6
ENZYMES	2.7445995807647705	7.643307209014893	0.20833333333333334	0.5373762977454901	2	0.5	 4  4 11  0  1  5  2  1  4  0  1  7  2  3 13  0  0  3  2  6  6  0  1  5
  2  3  5  0  0  6  3  3 10  0  0  7
ENZYMES	2.911557912826538	7.908836841583252	0.225	0.5591795037775426	3	0.05	 5  0  5  2  3  3  3  2 11  1  3  1  3  3 13  0  1  1  4  1 10  3  0  0
  3  1 11  1  2  1  3  2 11  0  5  2
ENZYMES	2.890960454940796	7.835010051727295	0.20833333333333334	0.5995933881805998	3	0.05	 5  5  9  2  2  0  3  2 10  2  2  1  2  2 11  0  2  1  2  2 10  2  1  1
  1  2  8  0  2  3  3  6  8  2  3  3
ENZYMES	2.9078457355499268	7.897122383117676	0.15	0.5259771932235221	3	0.05	 1  4  9  1  0  4  3  0 10  0  0  2  2  2 10  1  0  3  6  3  8  4  2  2
  1  2 11  2  2  5  2  1 14  0  2  1
ENZYMES	2.9017162322998047	7.803891897201538	0.25833333333333336	0.6079187532484448	3	0.05	 5  1  8  2  1  5  3  1  7  1  4  3  0  0 17  2  4  1  3  4  7  2  1  3
  2  2  6  0  3  1  2  5  9  0  2  3
ENZYMES	2.939434289932251	7.679948329925537	0.225	0.5446346762306367	3	0.05	 8  1  5  1  1  1  1  1 13  3  2  1  4  0 15  1  0  1  4  2 10  1  2  0
  4  4  9  1  0  3  3  6  7  1  2  2
ENZYMES	2.831206798553467	7.609713792800903	0.175	0.5379056069076332	3	0.1	 2  0  7  1  2  3  9  0  4  2  1  5  2  0 10  1  0  2  4  1  9  3  0  5
  3  0 16  3  0  4  3  1  6  3  2  6
ENZYMES	2.8282272815704346	7.907365083694458	0.25833333333333336	0.5414926772964767	3	0.1	 5  2  8  0  0  2  5  1  8  0  1  3  2  0 15  1  2  1  2  3  9  4  3  1
  0  1  9  1  2  6  3  1 13  1  1  4
ENZYMES	2.8365566730499268	7.941255807876587	0.20833333333333334	0.58128162718806	3	0.1	 5  0  3  1  1  2  7  0 10  0  3  5  3  1 11  1  1  1  5  2  6  3  2  0
  5  0 10  1  3  3  4  2 11  1  4  3
ENZYMES	2.8124876022338867	7.859269142150879	0.2	0.5476256217475767	3	0.1	 5  0  7  0  1  1  7  0 11  2  3  4  4  0 10  2  2  4  5  1  4  0  2  2
  5  0  9  1  3  5  6  0  4  0  4  6
ENZYMES	2.805368661880493	7.7963972091674805	0.19166666666666668	0.5364160660662154	3	0.1	 3  2 10  2  5  2  4  0  6  2  1  1  2  3 10  0  0  2  5  4  6  3  1  3
  3  4 10  0  3  4  3  5  6  0  1  4
ENZYMES	2.76419734954834	7.689999103546143	0.18333333333333332	0.5386613222016332	3	0.15	 6  4  7  0  0  1  2  0  4  0  0  2  0  0  9  1  2  0  7  5 13  4  3  0
  4  7 12  0  1  5  2  3 12  0  2  2
ENZYMES	2.768451452255249	7.813370704650879	0.21666666666666667	0.540762801656281	3	0.15	 8  1 10  0  0  0  2  0  8  3  0  5  2  2  9  2  1  2  6  1 10  1  1  3
  3  1 11  1  1  5  1  3  7  0  3  7
ENZYMES	2.769566059112549	7.873601675033569	0.25833333333333336	0.5917207104480767	3	0.15	 8  0  7  1  1  3  7  0 10  1  1  6  1  0 13  1  2  1  5  2  5  5  1  4
  3  2  8  1  2  1  5  1  5  0  4  3
ENZYMES	2.764991044998169	7.751754283905029	0.24166666666666667	0.5677458412700225	3	0.15	 7  3  4  2  0  3  3  1  6  2  0  4  3  2 14  0  0  2  3  0 13  5  0  0
  5  1  9  4  1  4  3  2  9  0  4  1
ENZYMES	2.7668964862823486	7.706435441970825	0.26666666666666666	0.5416338547858928	3	0.15	 7  5  8  0  1  0  5  2  6  1  1  1  2  2 16  0  0  2  5  4  9  5  0  0
  1  5 11  0  0  3  3  3  6  0  4  2
ENZYMES	2.7435247898101807	7.909327983856201	0.24166666666666667	0.5835362735202333	3	0.2	 1  0  7  4  3  4  2  1 10  2  3  7  2  0 11  1  0  2  2  1  9  8  1  3
  0  0  8  1  3  8  2  0  7  1  1  5
ENZYMES	2.7507805824279785	7.735900640487671	0.20833333333333334	0.5252008168051797	3	0.2	 3  0  5  1  7  4  3  0  7  1  3  6  2  0 14  2  2  1  6  1  8  2  3  4
  0  0  8  3  2  5  1  1  5  1  5  4
ENZYMES	2.748100519180298	7.888409376144409	0.2	0.5449074411938448	3	0.2	 3  2  6  0  1  4  2  1  8  0  3  2  1  0 14  0  1  3  3  7 11  3  5  2
  2  2 12  0  1  4  2  3  8  0  2  2
ENZYMES	2.760049819946289	7.78818678855896	0.18333333333333332	0.4869965708215966	3	0.2	 2  1  7  4  0  5  6  0  7  5  4  3  2  0 13  2  0  2  4  1  7  4  5  1
  0  0  4  3  0  5  3  2  9  3  3  3
ENZYMES	2.7585184574127197	7.790358781814575	0.2833333333333333	0.5738850052326429	3	0.2	 7  3  8  2  3  1  1  2  4  2  4  4  0  1 16  1  2  4  1  1  9  3  3  4
  4  3  5  1  2  2  1  5  5  1  1  4
ENZYMES	2.726428270339966	7.812095642089844	0.275	0.6111241802751689	3	0.5	 8  1  6  3  0  2  3  0  7  2  1  6  6  1 16  3  2  1  3  0  6  3  0  1
  3  2  9  3  0  4  3  1  4  4  0  6
ENZYMES	2.723813772201538	7.7096662521362305	0.21666666666666667	0.5512534341313041	3	0.5	 7  1 11  1  2  2  2  0 15  3  0  2  0  1 11  1  0  1  4  0  8  3  3  0
  0  0 10  4  2  1  4  0 10  7  1  3
ENZYMES	2.7257614135742188	7.507425546646118	0.20833333333333334	0.5631782716313284	3	0.5	 4  1 15  0  1  4  0  1  9  1  1  4  0  0 13  1  0  5  2  0  8  2  2  2
  1  2 13  0  1  6  5  2  7  3  0  4
ENZYMES	2.725409984588623	7.595983505249023	0.225	0.5380477093749355	3	0.5	 4  1  8  0  4  2  1  0  8  3  2  5  2  0 15  0  2  2  2  1  8  1  4  1
  3  2 12  0  2  1  2  1 11  1  4  5
ENZYMES	2.746350049972534	7.695014238357544	0.19166666666666668	0.547421492447011	3	0.5	 4  1 10  0  1  2  3  0  9  2  3  2  2  3 13  3  0  2  3  2  8  3  1  1
  3  1 10  2  1  1  4  3  8  0  7  2
ENZYMES	2.9150443077087402	7.9591193199157715	0.25	0.5614127668590911	4	0.05	 5  7  6  1  3  2  3  3  6  0  0  1  2  2 14  2  1  2  8  4  6  5  1  0
  1  3 11  3  1  1  1  5  7  1  0  2
ENZYMES	2.8877761363983154	7.897022724151611	0.2	0.5737016647719178	4	0.05	 4  5  9  0  3  2  2  3  6  2  0  3  3  3  8  0  2  0  5  2  9  3  2  0
  1  3  7  0  4  6  1  5 12  1  2  2
ENZYMES	2.8891139030456543	7.902064323425293	0.23333333333333334	0.5499468285655323	4	0.05	 6  0  8  1  2  2  3  2  7  2  0  4  1  3 11  2  3  1  6  0  8  3  4  0
  5  3  5  1  1  4  5  2  8  0  2  5
ENZYMES	2.8801486492156982	7.7408552169799805	0.23333333333333334	0.552496852636943	4	0.05	 5  2 10  0  0  1  3  1  9  0  0  4  3  4 11  1  3  1  5  1 10  6  1  1
  2  4  5  0  0  3  5  3 11  0  0  5
ENZYMES	2.887892246246338	7.595322132110596	0.20833333333333334	0.531412924598382	4	0.05	 2  2 13  0  1  3  3  2  6  0  2  6  2  1 10  2  1  4  6  1  8  5  1  2
  3  1  8  0  3  7  1  0 10  0  1  3
ENZYMES	2.801058530807495	7.6884448528289795	0.18333333333333332	0.6003263906872095	4	0.1	 8  0  0  0  2  1 13  0  0  2  2  5 21  0  0  0  2  1 15  0  0  5  0  4
 14  0  0  2  2  3 10  1  0  0  0  7
ENZYMES	2.8028852939605713	7.64495325088501	0.21666666666666667	0.5136716997593526	4	0.1	 3  1 13  0  0  1  1  0 15  0  2  3  0  1 18  0  0  1  2  1 12  3  2  1
  0  1 11  0  0  2  1  2 15  1  5  2
ENZYMES	2.8100101947784424	7.842123985290527	0.21666666666666667	0.5796537384669783	4	0.1	 2  8  5  3  1  2  0  1  8  1  0  3  1  3 12  1  0  2  0  1 12  8  1  2
  3  3 15  0  0  3  1  4  8  3  0  3
ENZYMES	2.796285390853882	7.883875846862793	0.25833333333333336	0.5794869248307455	4	0.1	 4  0  7  2  0  2  6  1  8  1  0  5  3  1 13  1  2  0  5  0  9  3  0  2
  5  0 12  2  3  3  2  0  9  1  1  7
ENZYMES	2.800271511077881	7.831461191177368	0.225	0.5468669117332609	4	0.1	 6  0  6  4  1  6  5  4  7  2  2  5  3  0 12  1  2  2  1  1  5  1  2  1
  3  1 12  0  2  7  4  0  5  1  4  2
ENZYMES	2.764160633087158	7.550086736679077	0.21666666666666667	0.5331247129117823	4	0.15	 7  0 11  0  2  4  2  2 12  1  1  4  3  0 11  1  0  1  5  0 10  4  0  2
  7  1 11  1  0  3  1  1  8  0  2  2
ENZYMES	2.7838692665100098	7.707237720489502	0.275	0.5701847245015285	4	0.15	 5  7  6  1  2  0  3  6  5  0  1  0  2  3 15  1  1  0  4  4  5  4  1  0
  3  5  7  1  1  2  5  7  8  1  2  2
ENZYMES	2.7746083736419678	7.74873948097229	0.225	0.5631861972615358	4	0.15	 3  3  5  1  1  2  6  0  6  3  3  6  4  0 16  1  2  1  2  3  7  4  3  3
  2  1  9  1  1  2  4  0  7  1  4  3
ENZYMES	2.788132905960083	7.839497089385986	0.21666666666666667	0.5311863150458089	4	0.15	 7  2  7  0  1  3  3  2  9  3  1  6  3  1 12  0  2  2  3  1  8  3  1  2
  3  2 13  1  0  4  4  2  5  0  2  2
ENZYMES	2.7618963718414307	7.78860878944397	0.275	0.5896008319017164	4	0.15	 4  2  7  0  4  0  4  4  8  0  3  1  3  2 15  1  0  0  3  5  8  7  0  0
  1  4  9  1  1  2  2  4  8  0  5  2
ENZYMES	2.747084379196167	7.7546706199646	0.24166666666666667	0.5695172828885432	4	0.2	 7  1  7  0  3  5  2  0  8  2  2  1  3  0 12  1  1  3  4  1 12  4  1  4
  4  3  5  1  2  5  2  0  8  0  2  4
ENZYMES	2.760863780975342	7.624000549316406	0.25833333333333336	0.591810557914417	4	0.2	 7  1  9  1  1  0  4  1 10  1  2  4  3  1 12  0  0  2  6  1  3  5  0  1
  5  0 12  0  3  1  3  3 11  0  4  3
ENZYMES	2.7482824325561523	7.74600887298584	0.23333333333333334	0.5579066882835856	4	0.2	 5  0 10  1  1  3  3  2  9  3  2  4  1  1 12  2  1  4  1  2  6  3  1  4
  1  2  9  0  2  7  3  1  8  0  2  4
ENZYMES	2.7566213607788086	7.530438184738159	0.25	0.5743514581787513	4	0.2	 2  1  7  4  0  2  0  0 10  1  0  6  0  0 14  1  0  3  1  0  9  7  1  3
  4  1 11  4  0  7  3  2  8  1  0  7
ENZYMES	2.74467396736145	7.761864423751831	0.25	0.5977097206211691	4	0.2	 4  1  4  2  2  2  2  0  9  1  5  5  2  1 17  1  2  4  3  2  5  5  1  2
  3  2  9  2  1  3  1  1  9  0  4  3
ENZYMES	2.7097949981689453	7.638851642608643	0.24166666666666667	0.5226980730013162	4	0.5	 2  0  4  1  1  5  1  0  5  2  1  5  2  0 12  1  0  2  6  2 11  4  2  3
  3  2 12  1  0  6  3  1  8  1  0 11
ENZYMES	2.720672130584717	7.708257675170898	0.24166666666666667	0.5331575522562051	4	0.5	 2  6  6  0  2  0  0  1  9  2  3  1  3  4 14  0  0  2  1  9  7  5  2  2
  2  2  6  2  2  5  2  6  7  0  0  5
ENZYMES	2.714416265487671	7.482245206832886	0.20833333333333334	0.5685730968509212	4	0.5	 2  4  5  0  1  1  1  1  9  1  2  3  0  4 12  1  2  2  1  1  9  4  1  4
  2  3  8  1  3  2  2  4 14  0  7  3
ENZYMES	2.721409559249878	7.653873920440674	0.18333333333333332	0.5488655621857853	4	0.5	 1  2 11  3  1  2  1  0  9  2  1  6  3  4 13  2  0  2  1  4  6  2  0  7
  3  2  9  2  0  4  2  1  6  1  1  6
ENZYMES	2.7151849269866943	7.775345087051392	0.175	0.5284854996932954	4	0.5	 6  5  9  0  0  4  2  1  5  0  0  2  2  6  6  2  0  2  4  3 10  4  0  0
  3  3 14  2  0  9  1  3  7  1  0  4
BZR	1.4711313247680664	7.603428363800049	0.7777777777777778	0.6516754850088183	2	0.05	63  0 18  0
BZR	1.4516563415527344	7.405542612075806	0.7530864197530864	0.4979508196721311	2	0.05	60  1 19  1
BZR	1.4552502632141113	7.604230165481567	0.7654320987654321	0.7067062818336164	2	0.05	62  0 19  0
BZR	1.4581267833709717	7.449495077133179	0.7654320987654321	0.6005392912172572	2	0.05	59  0 19  3
BZR	1.4476466178894043	7.31689453125	0.7901234567901234	0.6137566137566137	2	0.05	63  0 17  1
BZR	1.4244801998138428	7.404666423797607	0.7777777777777778	0.5454144620811288	2	0.1	63  0 18  0
BZR	1.4267857074737549	7.447386980056763	0.8395061728395061	0.49946695095948834	2	0.1	67  0 13  1
BZR	1.4322700500488281	7.5699450969696045	0.8271604938271605	0.48134328358208955	2	0.1	67  0 14  0
BZR	1.4327499866485596	7.358295679092407	0.7654320987654321	0.6396434634974534	2	0.1	62  0 19  0
BZR	1.4217338562011719	7.172825336456299	0.8395061728395061	0.6357466063348417	2	0.1	68  0 13  0
BZR	1.4108197689056396	7.469104290008545	0.7654320987654321	0.5942275042444821	2	0.15	62  0 19  0
BZR	1.4112193584442139	7.233124494552612	0.7160493827160493	0.6203571428571429	2	0.15	56  0 23  2
BZR	1.410674810409546	7.164328575134277	0.7407407407407407	0.5845238095238096	2	0.15	60  0 21  0
BZR	1.411548376083374	7.266113758087158	0.7037037037037037	0.6297619047619047	2	0.15	57  3 21  0
BZR	1.4123296737670898	7.511717081069946	0.8271604938271605	0.6221719457013575	2	0.15	67  1 13  0
BZR	1.3984174728393555	7.396770715713501	0.8148148148148148	0.6605769230769232	2	0.2	65  0 15  1
BZR	1.4031503200531006	7.277980089187622	0.8518518518518519	0.5880281690140845	2	0.2	69  2 10  0
BZR	1.4058032035827637	7.235974311828613	0.7283950617283951	0.5705409356725146	2	0.2	57  0 22  2
BZR	1.4145393371582031	7.252490520477295	0.7654320987654321	0.6451612903225806	2	0.2	62  0 19  0
BZR	1.4209058284759521	7.444039344787598	0.8271604938271605	0.576226012793177	2	0.2	67  0 14  0
BZR	1.3989319801330566	7.577621221542358	0.8148148148148148	0.5736331569664904	2	0.5	63  0 15  3
BZR	1.395582675933838	7.60498309135437	0.8024691358024691	0.5437500000000001	2	0.5	65  0 16  0
BZR	1.39333176612854	7.573453664779663	0.7283950617283951	0.5281201848998459	2	0.5	59  0 22  0
BZR	1.3971776962280273	7.455058336257935	0.7407407407407407	0.47142857142857136	2	0.5	59  1 20  1
BZR	1.3921141624450684	7.63090443611145	0.8024691358024691	0.5706730769230769	2	0.5	64  1 15  1
BZR	1.460550308227539	7.426196813583374	0.7654320987654321	0.6129032258064516	3	0.05	62  0 19  0
BZR	1.4693269729614258	7.537695646286011	0.7901234567901234	0.5137867647058824	3	0.05	64  0 17  0
BZR	1.460299015045166	7.401820421218872	0.7530864197530864	0.5024590163934427	3	0.05	61  0 20  0
BZR	1.4534883499145508	7.476170778274536	0.8395061728395061	0.5169683257918551	3	0.05	68  0 13  0
BZR	1.4558968544006348	7.383570432662964	0.8518518518518519	0.7336956521739131	3	0.05	67  2 10  2
BZR	1.4306952953338623	7.359294891357422	0.8395061728395061	0.5692963752665245	3	0.1	67  0 13  1
BZR	1.4355592727661133	7.553502798080444	0.7901234567901234	0.5909926470588236	3	0.1	64  0 17  0
BZR	1.428025722503662	7.303891897201538	0.7777777777777778	0.5644230769230769	3	0.1	63  2 16  0
BZR	1.4207565784454346	7.3508710861206055	0.8024691358024691	0.6211538461538462	3	0.1	65  0 16  0
BZR	1.4325006008148193	7.563312530517578	0.8395061728395061	0.6673773987206824	3	0.1	67  0 13  1
BZR	1.4230360984802246	7.403675079345703	0.8024691358024691	0.6182692307692307	3	0.15	65  0 16  0
BZR	1.4140429496765137	7.513653516769409	0.8518518518518519	0.6539855072463768	3	0.15	69  0 12  0
BZR	1.406092643737793	7.518418073654175	0.8271604938271605	0.6023454157782516	3	0.15	67  0 14  0
BZR	1.4180049896240234	7.385817766189575	0.7407407407407407	0.6573770491803278	3	0.15	60  1 20  0
BZR	1.4109885692596436	7.290787696838379	0.7654320987654321	0.6825396825396826	3	0.15	59  1 18  3
BZR	1.4146761894226074	7.16364860534668	0.7407407407407407	0.516949152542373	3	0.2	59  0 21  1
BZR	1.413618564605713	7.362361907958984	0.7160493827160493	0.5396825396825397	3	0.2	58  2 21  0
BZR	1.404428243637085	7.153003215789795	0.7777777777777778	0.6155202821869489	3	0.2	62  1 17  1
BZR	1.4056687355041504	7.5470123291015625	0.8024691358024691	0.5338164251207729	3	0.2	65  4 12  0
BZR	1.4103400707244873	7.579209327697754	0.7530864197530864	0.5789241622574955	3	0.2	61  2 18  0
BZR	1.3921873569488525	7.560774564743042	0.7160493827160493	0.5789473684210525	3	0.5	57  0 23  1
BZR	1.3948853015899658	7.38162088394165	0.8641975308641975	0.6035067873303169	3	0.5	68  0 11  2
BZR	1.3858423233032227	7.708261966705322	0.7901234567901234	0.6852022058823529	3	0.5	64  0 17  0
BZR	1.3922150135040283	7.49310302734375	0.7777777777777778	0.5925297113752123	3	0.5	62  0 18  1
BZR	1.4026556015014648	7.749266147613525	0.7777777777777778	0.6307300509337862	3	0.5	62  0 18  1
BZR	1.476381778717041	7.222511053085327	0.7777777777777778	0.6677884615384615	4	0.05	63  2 16  0
BZR	1.4569883346557617	7.515058517456055	0.691358024691358	0.5310714285714285	4	0.05	56  0 25  0
BZR	1.451566457748413	7.316994905471802	0.8148148148148148	0.6297979797979799	4	0.05	65  1 14  1
BZR	1.4559555053710938	7.564206123352051	0.7530864197530864	0.6184426229508198	4	0.05	61  0 20  0
BZR	1.4660890102386475	7.5059356689453125	0.654320987654321	0.5377358490566038	4	0.05	53  0 28  0
BZR	1.4242122173309326	7.345224857330322	0.7160493827160493	0.6139430284857571	4	0.1	58  0 23  0
BZR	1.4309930801391602	7.284240484237671	0.8271604938271605	0.47946859903381644	4	0.1	67  2 12  0
BZR	1.4347167015075684	7.576601266860962	0.8024691358024691	0.45961538461538465	4	0.1	65  0 16  0
BZR	1.4162766933441162	7.353604555130005	0.7654320987654321	0.6893039049235994	4	0.1	62  0 19  0
BZR	1.4305920600891113	7.420679330825806	0.7037037037037037	0.6005116959064327	4	0.1	57  0 24  0
BZR	1.406259298324585	7.4975879192352295	0.7160493827160493	0.5494752623688156	4	0.15	58  0 23  0
BZR	1.4416179656982422	7.276323318481445	0.9259259259259259	0.5637065637065637	4	0.15	74  0  6  1
BZR	1.412311315536499	7.294601917266846	0.7530864197530864	0.6971311475409836	4	0.15	61  0 20  0
BZR	1.4216375350952148	7.579059839248657	0.8024691358024691	0.6024038461538461	4	0.15	65  0 16  0
BZR	1.4037678241729736	7.64209771156311	0.8024691358024691	0.5951923076923077	4	0.15	65  0 16  0
BZR	1.3941888809204102	7.6475136280059814	0.7530864197530864	0.6245901639344262	4	0.2	60  1 19  1
BZR	1.4094007015228271	7.492894411087036	0.8395061728395061	0.5362473347547975	4	0.2	67  0 13  1
BZR	1.415024757385254	7.480486631393433	0.7654320987654321	0.6303056027164685	4	0.2	62  0 19  0
BZR	1.4112944602966309	7.504361152648926	0.7901234567901234	0.5934744268077602	4	0.2	63  0 17  1
BZR	1.409968614578247	7.4055335521698	0.8024691358024691	0.6024038461538461	4	0.2	65  0 16  0
BZR	1.391756534576416	7.430890083312988	0.7530864197530864	0.4541446208112874	4	0.5	61  2 18  0
BZR	1.3951008319854736	7.459929704666138	0.8024691358024691	0.6116161616161616	4	0.5	64  2 14  1
BZR	1.3894596099853516	7.531742811203003	0.7777777777777778	0.54673721340388	4	0.5	62  1 17  1
BZR	1.4003279209136963	7.558640241622925	0.8024691358024691	0.6948853615520283	4	0.5	63  0 16  2
BZR	1.4011893272399902	7.59058952331543	0.8024691358024691	0.590533088235294	4	0.5	64  0 16  1
MUTAG	0.26464033126831055	7.3340418338775635	0.8421052631578947	0.8458333333333333	2	0.05	 3  5  1 29
MUTAG	0.259596586227417	7.576254367828369	0.7368421052631579	0.8215384615384616	2	0.05	 5  8  2 23
MUTAG	0.2608509063720703	7.429012298583984	0.8157894736842105	0.8461538461538461	2	0.05	 7  5  2 24
MUTAG	0.26052260398864746	7.391214370727539	0.7368421052631579	0.7692307692307692	2	0.05	 5  8  2 23
MUTAG	0.26084065437316895	7.39448881149292	0.7368421052631579	0.7188552188552187	2	0.05	 4  7  3 24
MUTAG	0.24727487564086914	7.056450605392456	0.631578947368421	0.6832386363636362	2	0.1	 4 12  2 20
MUTAG	0.24927949905395508	7.124693870544434	0.7894736842105263	0.75	2	0.1	 5  5  3 25
MUTAG	0.24687886238098145	7.436604261398315	0.631578947368421	0.7318840579710144	2	0.1	 5 10  4 19
MUTAG	0.24867916107177734	7.3593645095825195	0.8157894736842105	0.8047138047138047	2	0.1	 7  4  3 24
MUTAG	0.2501187324523926	7.3824076652526855	0.631578947368421	0.6832386363636362	2	0.1	 3 13  1 21
MUTAG	0.24222326278686523	7.601842164993286	0.9210526315789473	0.8793103448275863	2	0.15	 6  3  0 29
MUTAG	0.24243664741516113	7.371322154998779	0.7894736842105263	0.7648809523809523	2	0.15	 7  7  1 23
MUTAG	0.24408245086669922	7.429011821746826	0.7105263157894737	0.7521739130434782	2	0.15	 4 11  0 23
MUTAG	0.24370408058166504	7.363028049468994	0.7631578947368421	0.7464285714285714	2	0.15	 5  5  4 24
MUTAG	0.24242258071899414	7.284225940704346	0.6578947368421053	0.6898550724637681	2	0.15	 5 10  3 20
MUTAG	0.2392890453338623	7.337583065032959	0.7105263157894737	0.7071428571428571	2	0.2	 5  5  6 22
MUTAG	0.24361705780029297	7.3508923053741455	0.6578947368421053	0.5956521739130436	2	0.2	 5 10  3 20
MUTAG	0.23940324783325195	7.116878986358643	0.7368421052631579	0.823076923076923	2	0.2	 5  8  2 23
MUTAG	0.24192380905151367	7.419168710708618	0.7894736842105263	0.867003367003367	2	0.2	 5  6  2 25
MUTAG	0.24008965492248535	7.369365215301514	0.8157894736842105	0.842857142857143	2	0.2	 5  5  2 26
MUTAG	0.238983154296875	7.114189863204956	0.7894736842105263	0.6682692307692308	2	0.5	 5  7  1 25
MUTAG	0.23567438125610352	7.105696439743042	0.7105263157894737	0.685897435897436	2	0.5	 5  7  4 22
MUTAG	0.2358095645904541	7.0623250007629395	0.5789473684210527	0.5588235294117647	2	0.5	 5 16  0 17
MUTAG	0.23555731773376465	7.1186606884002686	0.7894736842105263	0.787202380952381	2	0.5	 8  6  2 22
MUTAG	0.263521671295166	7.077129364013672	0.7368421052631579	0.6547619047619048	2	0.5	 4 10  0 24
MUTAG	0.2631998062133789	7.450293779373169	0.6578947368421053	0.8221288515406163	3	0.05	 5 12  1 20
MUTAG	0.2601447105407715	7.396494626998901	0.7631578947368421	0.6986531986531986	3	0.05	 4  7  2 25
MUTAG	0.2606027126312256	7.421327829360962	0.7105263157894737	0.7318840579710144	3	0.05	 7  8  3 20
MUTAG	0.2613072395324707	7.438575267791748	0.6842105263157895	0.7268907563025211	3	0.05	 7 10  2 19
MUTAG	0.2624056339263916	7.561610460281372	0.7631578947368421	0.8681159420289855	3	0.05	 6  9  0 23
MUTAG	0.24535608291625977	7.2413341999053955	0.7894736842105263	0.828125	3	0.1	 8  8  0 22
MUTAG	0.24909162521362305	7.362858295440674	0.7894736842105263	0.8707692307692307	3	0.1	 5  8  0 25
MUTAG	0.24731206893920898	7.17449426651001	0.8947368421052632	0.8317972350230415	3	0.1	 3  4  0 31
MUTAG	0.24469804763793945	7.159602880477905	0.7894736842105263	0.6952861952861953	3	0.1	 5  6  2 25
MUTAG	0.2489011287689209	7.308016777038574	0.868421052631579	0.8265993265993267	3	0.1	 6  5  0 27
MUTAG	0.26859331130981445	7.35841178894043	0.7894736842105263	0.7724358974358975	3	0.15	 5  7  1 25
MUTAG	0.24227643013000488	7.429281949996948	0.7631578947368421	0.8076923076923077	3	0.15	 6  7  2 23
MUTAG	0.24291086196899414	7.476704835891724	0.7368421052631579	0.6264880952380952	3	0.15	 6  8  2 22
MUTAG	0.24451375007629395	7.441215991973877	0.7105263157894737	0.6738461538461538	3	0.15	 4  9  2 23
MUTAG	0.24214649200439453	7.4389824867248535	0.8157894736842105	0.8452380952380952	3	0.15	 7  7  0 24
MUTAG	0.2396690845489502	7.394876718521118	0.631578947368421	0.691304347826087	3	0.2	 7  8  6 17
MUTAG	0.23897409439086914	7.545291900634766	0.7105263157894737	0.7788461538461539	3	0.2	 4  8  3 23
MUTAG	0.23925542831420898	7.206507682800293	0.7894736842105263	0.8639846743295019	3	0.2	 5  4  4 25
MUTAG	0.24082303047180176	7.384370803833008	0.6052631578947368	0.6354166666666667	3	0.2	 5  9  6 18
MUTAG	0.2413778305053711	7.337504625320435	0.7631578947368421	0.8507692307692307	3	0.2	 6  7  2 23
MUTAG	0.2351086139678955	7.072117567062378	0.7631578947368421	0.799719887955182	3	0.5	 8  9  0 21
MUTAG	0.23703598976135254	7.164721250534058	0.7368421052631579	0.7166666666666667	3	0.5	 9  9  1 19
MUTAG	0.23620009422302246	7.2545106410980225	0.7368421052631579	0.7579710144927536	3	0.5	 5 10  0 23
MUTAG	0.23517560958862305	7.0591795444488525	0.6578947368421053	0.6862745098039216	3	0.5	 4 13  0 21
MUTAG	0.2352910041809082	7.22035551071167	0.7894736842105263	0.7067307692307692	3	0.5	 6  6  2 24
MUTAG	0.26239013671875	7.540606260299683	0.6052631578947368	0.6036931818181819	4	0.05	 8  8  7 15
MUTAG	0.26053357124328613	7.549238681793213	0.7894736842105263	0.7131410256410257	4	0.05	 7  5  3 23
MUTAG	0.26114320755004883	7.580819129943848	0.8421052631578947	0.8333333333333333	4	0.05	 7  5  1 25
MUTAG	0.2628185749053955	7.549692153930664	0.7368421052631579	0.7846153846153846	4	0.05	 6  7  3 22
MUTAG	0.2617454528808594	7.470210552215576	0.7631578947368421	0.8809523809523809	4	0.05	 6  8  1 23
MUTAG	0.24994444847106934	7.169624090194702	0.7105263157894737	0.7003205128205129	4	0.1	 4  8  3 23
MUTAG	0.2479243278503418	7.271339416503906	0.7368421052631579	0.7492307692307694	4	0.1	 4  9  1 24
MUTAG	0.24890804290771484	7.515965223312378	0.7894736842105263	0.7166666666666668	4	0.1	 4  4  4 26
MUTAG	0.24887871742248535	7.384858846664429	0.7631578947368421	0.8363095238095237	4	0.1	 8  6  3 21
MUTAG	0.24913239479064941	7.472628831863403	0.7894736842105263	0.8249158249158248	4	0.1	 6  5  3 24
MUTAG	0.2444760799407959	7.396375894546509	0.7368421052631579	0.7633053221288515	4	0.15	 7 10  0 21
MUTAG	0.24405598640441895	7.4623494148254395	0.7894736842105263	0.8246153846153846	4	0.15	 7  6  2 23
MUTAG	0.24186086654663086	7.438014030456543	0.7631578947368421	0.8025568181818182	4	0.15	 9  7  2 20
MUTAG	0.24366474151611328	7.52531099319458	0.6842105263157895	0.6979166666666667	4	0.15	 4 10  2 22
MUTAG	0.24104952812194824	7.442323923110962	0.8421052631578947	0.7440476190476191	4	0.15	 8  6  0 24
MUTAG	0.2394273281097412	7.412124395370483	0.631578947368421	0.6399999999999999	4	0.2	 3 10  4 21
MUTAG	0.24069547653198242	7.245984792709351	0.631578947368421	0.6938461538461538	4	0.2	 3 10  4 21
MUTAG	0.2406325340270996	7.358145236968994	0.6842105263157895	0.8057971014492753	4	0.2	 4 11  1 22
MUTAG	0.23859477043151855	7.424236536026001	0.7368421052631579	0.7575757575757577	4	0.2	 4  7  3 24
MUTAG	0.23974323272705078	7.399853229522705	0.7894736842105263	0.8301282051282052	4	0.2	 4  8  0 26
MUTAG	0.2324204444885254	7.228969097137451	0.7631578947368421	0.7107692307692308	4	0.5	 5  8  1 24
MUTAG	0.23655462265014648	7.289345741271973	0.6052631578947368	0.7396121883656509	4	0.5	 6 13  2 17
MUTAG	0.23715472221374512	7.147180080413818	0.7894736842105263	0.7692307692307692	4	0.5	 6  7  1 24
MUTAG	0.23644042015075684	7.16292405128479	0.7894736842105263	0.6835016835016835	4	0.5	 4  7  1 26
MUTAG	0.23426008224487305	7.158701181411743	0.7105263157894737	0.6415384615384614	4	0.5	 5  8  3 22
DD	77.58551073074341	7.873927593231201	0.6186440677966102	0.5129453502415457	2	0.05	143   1  89   3
DD	77.47613906860352	7.942111968994141	0.5847457627118644	0.5195819581958196	2	0.05	134   1  97   4
DD	77.60361194610596	7.930382013320923	0.6271186440677966	0.5354537935183097	2	0.05	142   1  87   6
DD	77.3299629688263	8.013102769851685	0.6101694915254238	0.5255471753918959	2	0.05	138   0  92   6
DD	77.4247453212738	8.084646940231323	0.5805084745762712	0.4979296066252588	2	0.05	136   2  97   1
DD	77.37881183624268	7.939087629318237	0.5889830508474576	0.508705357142857	2	0.1	136   4  93   3
DD	77.28883838653564	7.974483013153076	0.5847457627118644	0.5233823529411765	2	0.1	135   1  97   3
DD	77.35281705856323	7.862639427185059	0.6398305084745762	0.5200623295675887	2	0.1	149   2  83   2
DD	78.63353157043457	8.039435863494873	0.6313559322033898	0.5408301376043311	2	0.1	143   0  87   6
DD	78.83402276039124	7.986762285232544	0.576271186440678	0.5206949412365867	2	0.1	131   2  98   5
DD	78.27396368980408	7.936293601989746	0.6271186440677966	0.5349864130434783	2	0.15	144   0  88   4
DD	78.34024238586426	7.931063890457153	0.5889830508474576	0.5122794117647058	2	0.15	136   0  97   3
DD	78.01186084747314	8.073206424713135	0.6059322033898306	0.5041953850764159	2	0.15	139   3  90   4
DD	78.32198071479797	7.799893856048584	0.5889830508474576	0.5067863235185046	2	0.15	137   2  95   2
DD	78.18772840499878	7.722595930099487	0.6016949152542372	0.51056338028169	2	0.15	141   1  93   1
DD	78.20839548110962	7.804271697998047	0.6228813559322034	0.5113636363636364	2	0.2	145   3  86   2
DD	78.27547907829285	7.7409398555755615	0.6186440677966102	0.5109450483091788	2	0.2	142   2  88   4
DD	78.39013957977295	8.19313359260559	0.5805084745762712	0.513013901212659	2	0.2	133   5  94   4
DD	78.21571707725525	7.7781147956848145	0.597457627118644	0.5139231056364315	2	0.2	139   2  93   2
DD	78.27188682556152	7.9005608558654785	0.5550847457627118	0.5057070156306798	2	0.2	129   2 103   2
DD	78.05044031143188	7.931591272354126	0.597457627118644	0.505171130952381	2	0.5	139   1  94   2
DD	78.06596899032593	8.191424131393433	0.6313559322033898	0.508215690812312	2	0.5	147   2  85   2
DD	78.27887630462646	7.997650861740112	0.5847457627118644	0.51	2	0.5	134   2  96   4
DD	78.08826994895935	7.90551233291626	0.6440677966101694	0.5356265356265356	2	0.5	148   0  84   4
DD	78.19778513908386	8.087864875793457	0.6059322033898306	0.5248600223964165	2	0.5	137   4  89   6
DD	78.8244616985321	7.994011878967285	0.5932203389830508	0.5217872152178723	3	0.05	135   2  94   5
DD	78.7964494228363	7.858260154724121	0.652542372881356	0.5145305804440983	3	0.05	151   0  82   3
DD	79.05327820777893	7.964227914810181	0.6186440677966102	0.5216636473429952	3	0.05	143   1  89   3
DD	78.86230182647705	7.886548280715942	0.5932203389830508	0.50377107364685	3	0.05	138   0  96   2
DD	78.472092628479	7.8859782218933105	0.6567796610169492	0.5269423558897244	3	0.05	151   1  80   4
DD	78.26639437675476	8.044066190719604	0.5932203389830508	0.5137163561076604	3	0.1	137   1  95   3
DD	78.56742906570435	7.9355480670928955	0.559322033898305	0.5190493468795356	3	0.1	127   3 101   5
DD	78.74276566505432	7.989590644836426	0.635593220338983	0.5156976744186046	3	0.1	149   1  85   1
DD	78.57460141181946	7.873830080032349	0.614406779661017	0.5178051511758118	3	0.1	140   1  90   5
DD	78.5986909866333	7.9812657833099365	0.5677966101694916	0.5109379572724612	3	0.1	132   2 100   2
DD	78.30255484580994	7.6709675788879395	0.5847457627118644	0.5304779411764706	3	0.15	135   1  97   3
DD	77.98981380462646	7.905750513076782	0.5677966101694916	0.5179245283018868	3	0.15	129   1 101   5
DD	77.11688089370728	7.909826278686523	0.6016949152542372	0.5036954087346024	3	0.15	140   1  93   2
DD	77.21168041229248	7.972311735153198	0.5889830508474576	0.5223306713989945	3	0.15	136   2  95   3
DD	76.96451759338379	7.841710329055786	0.5889830508474576	0.49683779761904756	3	0.15	137   3  94   2
DD	77.03383159637451	7.8213067054748535	0.6016949152542372	0.5139136904761904	3	0.2	140   0  94   2
DD	77.0415427684784	7.744604110717773	0.6059322033898306	0.5257812500000001	3	0.2	138   2  91   5
DD	76.9866042137146	7.875987529754639	0.635593220338983	0.5191469846365513	3	0.2	146   1  85   4
DD	77.12597393989563	7.9211266040802	0.5889830508474576	0.5232179828453121	3	0.2	135   3  94   4
DD	77.1895124912262	7.779916286468506	0.5677966101694916	0.5254089422028353	3	0.2	131   0 102   3
DD	76.93375635147095	7.975940942764282	0.5635593220338984	0.5074300699300699	3	0.5	131   1 102   2
DD	76.97429156303406	7.823125839233398	0.6059322033898306	0.5068924183398262	3	0.5	142   0  93   1
DD	76.95394825935364	7.833840608596802	0.6186440677966102	0.5054347826086957	3	0.5	143   1  89   3
DD	77.03906607627869	7.7812981605529785	0.5635593220338984	0.5108037082998759	3	0.5	130   3 100   3
DD	77.26036667823792	7.865350723266602	0.5635593220338984	0.5105259324009324	3	0.5	130   2 101   3
DD	77.70442843437195	7.993295907974243	0.5932203389830508	0.5138322331825261	4	0.05	139   0  96   1
DD	77.666433095932	7.976408958435059	0.5889830508474576	0.5157867494824016	4	0.05	137   1  96   2
DD	77.68403553962708	7.941557168960571	0.6101694915254238	0.52105184297273	4	0.05	140   2  90   4
DD	77.63263416290283	7.992975234985352	0.6271186440677966	0.5317028985507246	4	0.05	144   0  88   4
DD	77.60834074020386	7.941170930862427	0.5677966101694916	0.5050003649901452	4	0.05	132   1 101   2
DD	77.48713827133179	7.975399971008301	0.5805084745762712	0.49882352941176467	4	0.1	136   0  99   1
DD	77.36366176605225	8.007791996002197	0.5847457627118644	0.49874658998746585	4	0.1	137   0  98   1
DD	77.43364596366882	7.985126256942749	0.5847457627118644	0.5063590653652765	4	0.1	138   0  98   0
DD	77.45744919776917	7.821177244186401	0.614406779661017	0.5347517730496454	4	0.1	141   0  91   4
DD	77.58886289596558	7.696854114532471	0.597457627118644	0.523125	4	0.1	134   2  93   7
DD	77.32281041145325	7.906243324279785	0.652542372881356	0.5231046365914787	4	0.15	150   2  80   4
DD	77.15693664550781	7.938149929046631	0.5635593220338984	0.5198836786623047	4	0.15	131   0 103   2
DD	77.00576043128967	7.858638763427734	0.6016949152542372	0.5319852941176471	4	0.15	136   0  94   6
DD	77.13366413116455	7.5786192417144775	0.6059322033898306	0.5172247023809524	4	0.15	139   1  92   4
DD	76.9176185131073	7.670737266540527	0.6186440677966102	0.5312056737588652	4	0.15	141   0  90   5
DD	77.27931809425354	7.856721639633179	0.5805084745762712	0.5196552988632196	4	0.2	135   0  99   2
DD	77.12521028518677	7.742689371109009	0.5847457627118644	0.525460930640913	4	0.2	134   0  98   4
DD	76.9572901725769	7.87989616394043	0.5889830508474576	0.5270588235294118	4	0.2	136   0  97   3
DD	77.28405833244324	7.955474138259888	0.576271186440678	0.5207679392656399	4	0.2	133   0 100   3
DD	77.06127715110779	7.870365858078003	0.6016949152542372	0.5089901108780341	4	0.2	140   2  92   2
DD	77.06585454940796	7.876564264297485	0.6101694915254238	0.5258556547619048	4	0.5	140   0  92   4
DD	76.98293972015381	7.8621461391448975	0.5847457627118644	0.5255225522552256	4	0.5	135   0  98   3
DD	77.04032564163208	7.870985984802246	0.5847457627118644	0.5301068188469419	4	0.5	133   1  97   5
DD	76.87651300430298	8.099799156188965	0.6101694915254238	0.5129453502415457	4	0.5	141   3  89   3
DD	76.7840645313263	7.943670749664307	0.5677966101694916	0.5317234848484848	4	0.5	131   1 101   3
PROTEINS	10.738169431686401	8.355449914932251	0.726457399103139	0.670228310502283	2	0.05	133  17  44  29
PROTEINS	10.575919389724731	8.404550790786743	0.6860986547085202	0.7122001654259719	2	0.05	120  10  60  33
PROTEINS	10.609320163726807	8.464918613433838	0.6771300448430493	0.6968523002421309	2	0.05	107  11  61  44
PROTEINS	10.590612173080444	8.454277276992798	0.6322869955156951	0.697430862379316	2	0.05	113  13  69  28
PROTEINS	10.569706439971924	8.452161073684692	0.6681614349775785	0.7108993157380255	2	0.05	108  16  58  41
PROTEINS	10.443777799606323	8.359718084335327	0.6995515695067265	0.6758605851979346	2	0.1	121  19  48  35
PROTEINS	10.40282392501831	8.443621397018433	0.6860986547085202	0.7216666666666667	2	0.1	106  17  53  47
PROTEINS	10.435823917388916	8.498798608779907	0.672645739910314	0.7038278730266508	2	0.1	118  19  54  32
PROTEINS	10.455690383911133	8.352590560913086	0.7040358744394619	0.6993179880647912	2	0.1	121  17  49  36
PROTEINS	10.39975881576538	8.17681360244751	0.6860986547085202	0.708000333000333	2	0.1	115  17  53  38
PROTEINS	10.290735960006714	8.482612133026123	0.6816143497757847	0.7022096608427543	2	0.15	131   8  63  21
PROTEINS	10.325793266296387	8.545860528945923	0.672645739910314	0.6860646325459318	2	0.15	110  17  56  40
PROTEINS	10.280631065368652	8.287276268005371	0.6636771300448431	0.6709595959595959	2	0.15	117  18  57  31
PROTEINS	10.356563329696655	8.453220129013062	0.672645739910314	0.7074285714285713	2	0.15	119   6  67  31
PROTEINS	10.324274778366089	8.523120403289795	0.6816143497757847	0.7329396325459319	2	0.15	115  12  59  37
PROTEINS	10.25647497177124	8.2212073802948	0.6771300448430493	0.7059785342948182	2	0.2	113  21  51  38
PROTEINS	10.295651197433472	8.519713401794434	0.6771300448430493	0.6491257850959089	2	0.2	117  20  52  34
PROTEINS	10.28358769416809	8.21294379234314	0.7130044843049327	0.7266428808496513	2	0.2	110  21  43  49
PROTEINS	10.282892942428589	8.28379774093628	0.6591928251121076	0.6676664927838637	2	0.2	110  32  44  37
PROTEINS	10.292968273162842	8.408143043518066	0.6322869955156951	0.670803286936106	2	0.2	107  27  55  34
PROTEINS	10.18616271018982	8.040183305740356	0.6995515695067265	0.6643793706293707	2	0.5	127  16  51  29
PROTEINS	10.205672025680542	8.348458766937256	0.6816143497757847	0.6976851851851851	2	0.5	115  20  51  37
PROTEINS	10.225909233093262	8.153257131576538	0.6547085201793722	0.6724941724941724	2	0.5	112  20  57  34
PROTEINS	10.143280029296875	8.147181272506714	0.6681614349775785	0.729630545934356	2	0.5	111  18  56  38
PROTEINS	10.243853569030762	8.266046285629272	0.672645739910314	0.7456175945463399	2	0.5	110  12  61  40
PROTEINS	10.608792304992676	8.560726642608643	0.6995515695067265	0.699616368286445	3	0.05	121  17  50  35
PROTEINS	10.647797107696533	8.625369787216187	0.6681614349775785	0.7373061224489796	3	0.05	110  15  59  39
PROTEINS	10.606069326400757	8.354685068130493	0.6636771300448431	0.6771464646464648	3	0.05	121  14  61  27
PROTEINS	10.627645015716553	8.669732332229614	0.6502242152466368	0.6766322178477692	3	0.05	101  26  52  44
PROTEINS	10.612916707992554	8.426522970199585	0.7130044843049327	0.7110801217038539	3	0.05	122  14  50  37
PROTEINS	10.406379461288452	8.421674251556396	0.6636771300448431	0.6850765721733464	3	0.1	108  16  59  40
PROTEINS	10.444272756576538	8.512837648391724	0.7130044843049327	0.7162004662004663	3	0.1	118  14  50  41
PROTEINS	10.405029773712158	8.612994194030762	0.7040358744394619	0.7587845866576133	3	0.1	122  15  51  35
PROTEINS	10.455803632736206	8.30474328994751	0.7085201793721974	0.6914369256474518	3	0.1	118  15  50  40
PROTEINS	10.408942461013794	8.23475456237793	0.6995515695067265	0.6869755244755243	3	0.1	123  20  47  33
PROTEINS	10.288488149642944	8.544303894042969	0.6591928251121076	0.7021312021312022	3	0.15	113  19  57  34
PROTEINS	10.308869123458862	8.561422109603882	0.695067264573991	0.7031997361042388	3	0.15	116  13  55  39
PROTEINS	10.327110767364502	8.452850103378296	0.6905829596412556	0.6698777796638941	3	0.15	111  26  43  43
PROTEINS	10.326711416244507	8.38785719871521	0.6367713004484304	0.6505030512947386	3	0.15	111  18  63  31
PROTEINS	10.38942551612854	8.58199167251587	0.7443946188340808	0.7047224926971762	3	0.15	136  22  35  30
PROTEINS	10.297518491744995	8.28916049003601	0.6636771300448431	0.6706003289473684	3	0.2	99 29 46 49
PROTEINS	10.280790090560913	8.372356653213501	0.6502242152466368	0.7203588797585109	3	0.2	103  31  47  42
PROTEINS	10.256103515625	8.325461864471436	0.7354260089686099	0.7501278772378516	3	0.2	118  20  39  46
PROTEINS	10.27757477760315	8.280282020568848	0.7040358744394619	0.6951438848920863	3	0.2	119  20  46  38
PROTEINS	10.301158666610718	8.458057403564453	0.695067264573991	0.7091354132094259	3	0.2	114  17  51  41
PROTEINS	10.238576173782349	8.19692325592041	0.7040358744394619	0.6992446104226787	3	0.5	119  18  48  38
PROTEINS	10.199047803878784	8.197356462478638	0.6636771300448431	0.6694930069930071	3	0.5	115  28  47  33
PROTEINS	10.20816707611084	8.315545320510864	0.6681614349775785	0.6888888888888889	3	0.5	112  23  51  37
PROTEINS	10.203432321548462	8.385831832885742	0.6053811659192825	0.6912191582002903	3	0.5	103  14  74  32
PROTEINS	10.20952844619751	8.420072555541992	0.6771300448430493	0.6864206581948518	3	0.5	102  22  50  49
PROTEINS	10.673341512680054	8.424520492553711	0.7219730941704036	0.7293539793539794	4	0.05	122  10  52  39
PROTEINS	10.669292688369751	8.511945724487305	0.7174887892376681	0.6846870604781998	4	0.05	127  17  46  33
PROTEINS	10.613877534866333	8.45356297492981	0.7399103139013453	0.7484182484182484	4	0.05	119  13  45  46
PROTEINS	10.633636236190796	8.558521509170532	0.6771300448430493	0.7024644945697577	4	0.05	126   7  65  25
PROTEINS	10.617755651473999	8.341707944869995	0.695067264573991	0.7439837398373984	4	0.05	111  12  56  44
PROTEINS	10.434705257415771	8.555020332336426	0.6860986547085202	0.6872122762148338	4	0.1	117  21  49  36
PROTEINS	10.40688180923462	8.518625736236572	0.7040358744394619	0.716949716949717	4	0.1	122  10  56  35
PROTEINS	10.414710998535156	8.271399974822998	0.7085201793721974	0.7161172161172161	4	0.1	114  18  47  44
PROTEINS	10.402558088302612	8.512422323226929	0.695067264573991	0.676473107228503	4	0.1	121  18  50  34
PROTEINS	10.45302414894104	8.49224066734314	0.672645739910314	0.6952037564984069	4	0.1	118  16  57  32
PROTEINS	10.307896852493286	8.417301893234253	0.6995515695067265	0.6977189477189476	4	0.15	112  20  47  44
PROTEINS	10.334531545639038	8.467336416244507	0.6457399103139013	0.6704961704961705	4	0.15	119  13  66  25
PROTEINS	10.31116271018982	8.595552206039429	0.6771300448430493	0.6889387755102041	4	0.15	109  16  56  42
PROTEINS	10.33255386352539	8.54780101776123	0.6547085201793722	0.7050749429781689	4	0.15	115   9  68  31
PROTEINS	10.33212661743164	8.335349082946777	0.7040358744394619	0.7305944055944056	4	0.15	123  20  46  34
PROTEINS	10.273668766021729	8.533633947372437	0.7040358744394619	0.7029220779220778	4	0.2	112  20  46  45
PROTEINS	10.271072626113892	8.315131187438965	0.7130044843049327	0.7147887323943662	4	0.2	124  18  46  35
PROTEINS	10.318084239959717	8.336870908737183	0.6233183856502242	0.5922354519537145	4	0.2	105  29  55  34
PROTEINS	10.297937393188477	8.563626289367676	0.6995515695067265	0.6843914445764726	4	0.2	115  22  45  41
PROTEINS	10.2909517288208	8.414802312850952	0.695067264573991	0.7203117268678871	4	0.2	112  17  51  43
PROTEINS	10.178680419921875	8.334385633468628	0.7040358744394619	0.7459270120560443	4	0.5	105  19  47  52
PROTEINS	10.229131698608398	8.211050033569336	0.672645739910314	0.6561621174524401	4	0.5	111  19  54  39
PROTEINS	10.225532054901123	8.181108236312866	0.6995515695067265	0.7031031468531469	4	0.5	125  18  49  31
PROTEINS	10.20932126045227	8.147955656051636	0.672645739910314	0.6787069107702457	4	0.5	114  15  58  36
PROTEINS	10.212104320526123	8.229937314987183	0.6905829596412556	0.6528178577491088	4	0.5	110  27  42  44
DHFR	5.18438720703125	7.998918294906616	0.6381578947368421	0.5504535147392291	2	0.05	 3 51  4 94
DHFR	5.0247275829315186	8.161976337432861	0.625	0.5218268525311812	2	0.05	 4 54  3 91
DHFR	5.0426249504089355	8.188354253768921	0.6118421052631579	0.5842809977989729	2	0.05	 6 52  7 87
DHFR	5.058255195617676	8.16184377670288	0.5789473684210527	0.5300179211469535	2	0.05	 3 59  5 85
DHFR	5.037674427032471	8.218047142028809	0.5921052631578947	0.5190956584399208	2	0.05	 1 60  2 89
DHFR	4.9690046310424805	8.201512575149536	0.5986842105263158	0.5029053420805998	2	0.1	 4 51 10 87
DHFR	4.98962926864624	8.196447610855103	0.5986842105263158	0.48642113095238093	2	0.1	 3 53  8 88
DHFR	4.982913017272949	8.124569654464722	0.5723684210526315	0.5304792107117688	2	0.1	 4 62  3 83
DHFR	4.991844892501831	8.155958652496338	0.5197368421052632	0.58671875	2	0.1	 0 72  1 79
DHFR	4.968369007110596	8.175102233886719	0.6052631578947368	0.5006305170239596	2	0.1	 4 57  3 88
DHFR	4.9513304233551025	8.011774778366089	0.6578947368421053	0.5059211803533296	2	0.15	 2 49  3 98
DHFR	4.948262929916382	7.929948091506958	0.625	0.5779530447542187	2	0.15	 2 56  1 93
DHFR	4.951362133026123	7.970218896865845	0.5789473684210527	0.48396739130434785	2	0.15	 1 59  5 87
DHFR	4.936365842819214	7.750367879867554	0.618421052631579	0.5135110790848496	2	0.15	 3 58  0 91
DHFR	4.932449102401733	7.863473653793335	0.618421052631579	0.572265625	2	0.15	 2 54  4 92
DHFR	4.933429718017578	8.12561583518982	0.6513157894736842	0.6120192307692308	2	0.2	 3 49  4 96
DHFR	4.906571626663208	8.266891479492188	0.6118421052631579	0.5058548009367683	2	0.2	 8 53  6 85
DHFR	4.94881272315979	8.22684907913208	0.5460526315789473	0.5211672473867597	2	0.2	 5 65  4 78
DHFR	4.923475503921509	8.251391410827637	0.6118421052631579	0.46171860925959285	2	0.2	 5 56  3 88
DHFR	4.9292707443237305	8.255589962005615	0.6381578947368421	0.5350877192982455	2	0.2	 4 53  2 93
DHFR	4.883407115936279	8.182145118713379	0.6644736842105263	0.5382978723404255	2	0.5	 3 44  7 98
DHFR	4.892018795013428	8.187860488891602	0.6710526315789473	0.4896431501230517	2	0.5	  2  44   6 100
DHFR	4.894881248474121	8.290959119796753	0.6447368421052632	0.5341080876795163	2	0.5	 5 49  5 93
DHFR	4.906955718994141	8.330991268157959	0.5789473684210527	0.5328358208955223	2	0.5	 5 62  2 83
DHFR	4.891993522644043	8.0000741481781	0.5657894736842105	0.49009725906277635	2	0.5	 5 60  6 81
DHFR	5.028469562530518	7.7659924030303955	0.625	0.5288236353810125	3	0.05	 4 57  0 91
DHFR	5.016051769256592	8.226735353469849	0.6447368421052632	0.4759137769447048	3	0.05	 2 53  1 96
DHFR	5.026853799819946	8.010812520980835	0.5394736842105263	0.5201144442517773	3	0.05	 3 70  0 79
DHFR	5.037445545196533	7.93697190284729	0.5789473684210527	0.594341290893015	3	0.05	 2 63  1 86
DHFR	5.065772533416748	7.877915859222412	0.6644736842105263	0.5418269230769232	3	0.05	  1  51   0 100
DHFR	4.9681549072265625	8.097178936004639	0.5394736842105263	0.5033907146583203	3	0.1	 3 68  2 79
DHFR	4.975664854049683	8.107791662216187	0.5657894736842105	0.5892857142857143	3	0.1	 4 64  2 82
DHFR	4.973513841629028	7.994485378265381	0.6118421052631579	0.5818996415770609	3	0.1	 3 59  0 90
DHFR	4.985361576080322	8.224788188934326	0.5921052631578947	0.5376657824933688	3	0.1	 3 62  0 87
DHFR	4.992014169692993	8.216181993484497	0.5657894736842105	0.5134328358208955	3	0.1	 4 63  3 82
DHFR	4.917624235153198	7.826462745666504	0.6578947368421053	0.5312089971883787	3	0.15	 3 52  0 97
DHFR	4.928745985031128	7.939441919326782	0.618421052631579	0.4757263355201499	3	0.15	 2 53  5 92
DHFR	4.930939197540283	7.742901563644409	0.5921052631578947	0.5272873194221509	3	0.15	 4 59  3 86
DHFR	4.939725160598755	7.885101318359375	0.625	0.5302533260433753	3	0.15	 3 56  1 92
DHFR	4.970748424530029	7.862270832061768	0.6118421052631579	0.5501792114695341	3	0.15	 3 59  0 90
DHFR	4.920888662338257	8.177711486816406	0.5855263157894737	0.5376811594202899	3	0.2	 7 53 10 82
DHFR	4.934297561645508	8.345354080200195	0.5986842105263158	0.5029569892473118	3	0.2	 5 57  4 86
DHFR	4.903942346572876	8.233783483505249	0.5986842105263158	0.55859375	3	0.2	 9 55  6 82
DHFR	4.944024562835693	8.17724061012268	0.5986842105263158	0.5092741216336722	3	0.2	 4 59  2 87
DHFR	4.91843843460083	8.25328803062439	0.631578947368421	0.5330834114339269	3	0.2	 4 51  5 92
DHFR	4.899272441864014	8.320327758789062	0.6381578947368421	0.5040922619047619	3	0.5	 4 52  3 93
DHFR	4.923590660095215	8.203726768493652	0.618421052631579	0.49869791666666663	3	0.5	 5 51  7 89
DHFR	4.8848876953125	8.23017406463623	0.625	0.571376811594203	3	0.5	 5 55  2 90
DHFR	4.931645154953003	8.235199689865112	0.6776315789473685	0.5937254901960785	3	0.5	 5 45  4 98
DHFR	4.934879541397095	8.198328256607056	0.6513157894736842	0.5331974373907978	3	0.5	 7 44  9 92
DHFR	5.018679618835449	7.905072927474976	0.618421052631579	0.5223771093176816	4	0.05	 1 57  1 93
DHFR	5.023098945617676	8.105985403060913	0.6052631578947368	0.5553008070432869	4	0.05	 6 52  8 86
DHFR	5.023817539215088	8.166762351989746	0.625	0.5646072535082923	4	0.05	 4 55  2 91
DHFR	5.049875259399414	8.14157748222351	0.631578947368421	0.5353327085285848	4	0.05	 3 52  4 93
DHFR	5.004393100738525	8.14565134048462	0.618421052631579	0.5298913043478262	4	0.05	 4 56  2 90
DHFR	4.996484756469727	8.211288928985596	0.5986842105263158	0.5180220170454546	4	0.1	 4 60  1 87
DHFR	5.002565383911133	7.950960397720337	0.5723684210526315	0.4924201890494026	4	0.1	 1 62  3 86
DHFR	4.9998862743377686	7.967455863952637	0.6513157894736842	0.5318405139833713	4	0.1	 3 51  2 96
DHFR	4.973198890686035	8.09008502960205	0.6842105263157895	0.5520110957004161	4	0.1	 5 44  4 99
DHFR	4.95022988319397	7.967015743255615	0.6052631578947368	0.5683660601693389	4	0.1	 7 54  6 85
DHFR	4.9190428256988525	7.759607315063477	0.5657894736842105	0.5012291483757683	4	0.15	 4 63  3 82
DHFR	4.929633855819702	8.0903799533844	0.6118421052631579	0.5265040352164344	4	0.15	 1 57  2 92
DHFR	4.932377099990845	8.104676961898804	0.7171052631578947	0.5344544708777688	4	0.15	  4  42   1 105
DHFR	4.920798301696777	8.062628984451294	0.5921052631578947	0.5077463520086472	4	0.15	 3 58  4 87
DHFR	4.941162586212158	7.807944059371948	0.5657894736842105	0.5030465949820789	4	0.15	 4 58  8 82
DHFR	4.957359075546265	8.256720304489136	0.5986842105263158	0.48038166577492425	4	0.2	 4 59  2 87
DHFR	4.908473253250122	8.203195571899414	0.5592105263157895	0.5079012784090909	4	0.2	 5 59  8 80
DHFR	4.901872634887695	8.115517377853394	0.631578947368421	0.5255102040816326	4	0.2	 3 51  5 93
DHFR	4.923839569091797	8.283870220184326	0.5855263157894737	0.4892990904226859	4	0.2	 2 61  2 87
DHFR	4.946774005889893	8.285808086395264	0.6118421052631579	0.5346661775495231	4	0.2	 5 53  6 88
DHFR	4.914754152297974	8.206881761550903	0.6381578947368421	0.5804501488095238	4	0.5	 1 55  0 96
DHFR	4.9142138957977295	8.326136589050293	0.6118421052631579	0.5434663750683433	4	0.5	 4 55  4 89
DHFR	4.9354774951934814	8.167568445205688	0.6052631578947368	0.506052824651504	4	0.5	 3 55  5 89
DHFR	4.933054685592651	8.23968768119812	0.5855263157894737	0.5234375	4	0.5	 6 58  5 83
DHFR	4.9130401611328125	8.403171062469482	0.618421052631579	0.5676454692848135	4	0.5	 9 52  6 85
NCI1	84.7404363155365	9.881431102752686	0.5291970802919708	0.5411516055697643	2	0.05	 90 318  69 345
NCI1	84.40627241134644	9.924277782440186	0.537712895377129	0.550208697196649	2	0.05	 97 318  62 345
NCI1	84.55592584609985	9.875667333602905	0.5279805352798054	0.5483419765891243	2	0.05	106 319  69 328
NCI1	84.43522787094116	9.959444284439087	0.5413625304136253	0.5577089456717548	2	0.05	103 295  82 342
NCI1	84.07866048812866	9.870800256729126	0.5608272506082725	0.5739113702969124	2	0.05	102 305  56 359
NCI1	83.91261982917786	9.554495811462402	0.5474452554744526	0.5434761958477057	2	0.1	103 286  86 347
NCI1	84.33502459526062	9.55860447883606	0.5437956204379562	0.5610732215591551	2	0.1	107 301  74 340
NCI1	84.23169469833374	9.49418568611145	0.5547445255474452	0.5703629593232179	2	0.1	124 289  77 332
NCI1	84.17743611335754	9.53243350982666	0.5486618004866181	0.5560604265402844	2	0.1	112 288  83 339
NCI1	84.32072424888611	9.835324048995972	0.5231143552311436	0.5471701471286187	2	0.1	 97 333  59 333
NCI1	83.41935968399048	9.47139048576355	0.5498783454987834	0.5704686463957565	2	0.15	 77 331  39 375
NCI1	83.5408353805542	9.568358659744263	0.524330900243309	0.5512139448018261	2	0.15	 83 344  47 348
NCI1	83.62804532051086	9.659878492355347	0.5218978102189781	0.5449968030690537	2	0.15	 96 312  81 333
NCI1	83.39727067947388	9.759927988052368	0.5547445255474452	0.5944915757000475	2	0.15	100 330  36 356
NCI1	83.61773633956909	9.613971471786499	0.5413625304136253	0.5566656010230179	2	0.15	 86 322  55 359
NCI1	83.64024996757507	9.274568796157837	0.5437956204379562	0.5473635906089943	2	0.2	110 295  80 337
NCI1	83.62236142158508	9.420836925506592	0.5145985401459854	0.5239729475236443	2	0.2	102 317  82 321
NCI1	83.44477248191833	9.51888632774353	0.5352798053527981	0.5528626530866172	2	0.2	 89 334  48 351
NCI1	83.63750338554382	9.467239379882812	0.5206812652068127	0.5152851543681641	2	0.2	105 278 116 323
NCI1	83.61488175392151	9.217504262924194	0.5450121654501217	0.5509873582615389	2	0.2	124 281  93 324
NCI1	83.11934995651245	9.35494065284729	0.5145985401459854	0.5008738151658767	2	0.5	 75 325  74 348
NCI1	83.09576630592346	9.484337329864502	0.5182481751824818	0.5304921371731716	2	0.5	104 312  84 322
NCI1	83.38823294639587	9.343681335449219	0.5291970802919708	0.5348507201810674	2	0.5	115 284 103 320
NCI1	83.48388171195984	9.430335283279419	0.5340632603406326	0.5471947761326569	2	0.5	 98 311  72 341
NCI1	82.97514271736145	9.464805603027344	0.5158150851581509	0.5400230987917555	2	0.5	111 309  89 313
NCI1	84.18152832984924	9.763736724853516	0.5364963503649635	0.5522196766535836	3	0.05	107 304  77 334
NCI1	84.28726172447205	9.831578731536865	0.5255474452554745	0.5455213270142181	3	0.05	110 312  78 322
NCI1	84.31475734710693	9.851860046386719	0.5121654501216545	0.5262269648017432	3	0.05	105 299 102 316
NCI1	84.22955346107483	9.657505750656128	0.5279805352798054	0.566885133213236	3	0.05	 83 341  47 351
NCI1	84.3041307926178	9.990302562713623	0.5145985401459854	0.5417780411912876	3	0.05	101 324  75 322
NCI1	83.96979832649231	9.614695310592651	0.5145985401459854	0.5381499287749287	3	0.1	102 330  69 321
NCI1	83.93962073326111	9.613863468170166	0.5352798053527981	0.5490655173842776	3	0.1	107 306  76 333
NCI1	83.80259203910828	9.675107955932617	0.5279805352798054	0.5564328733342817	3	0.1	100 326  62 334
NCI1	84.06362795829773	9.48504900932312	0.5231143552311436	0.5549954931448361	3	0.1	124 304  88 306
NCI1	84.07681059837341	9.526609659194946	0.524330900243309	0.5296316038853351	3	0.1	101 301  90 330
NCI1	83.39537572860718	9.37677788734436	0.5364963503649635	0.5566537605380317	3	0.15	 82 332  49 359
NCI1	83.1941819190979	9.5294508934021	0.5267639902676399	0.5369245372567633	3	0.15	104 288 101 329
NCI1	83.17137408256531	9.326421737670898	0.5182481751824818	0.5163526221043157	3	0.15	 64 354  42 362
NCI1	83.19412875175476	9.63529348373413	0.5437956204379562	0.5539509133433995	3	0.15	 91 314  61 356
NCI1	83.56299662590027	9.370293855667114	0.5145985401459854	0.5385562931948334	3	0.15	 63 356  43 360
NCI1	83.12527561187744	9.599313020706177	0.5425790754257908	0.5600603889760517	3	0.2	 93 314  62 353
NCI1	83.41428995132446	9.483132600784302	0.5279805352798054	0.557614131980658	3	0.2	 98 326  62 336
NCI1	83.25940322875977	9.399758338928223	0.537712895377129	0.5301222317067389	3	0.2	102 294  86 340
NCI1	83.31990456581116	9.59607195854187	0.5389294403892944	0.5462338109018453	3	0.2	104 290  89 339
NCI1	83.27395153045654	9.481072902679443	0.5267639902676399	0.5238823941114017	3	0.2	 98 295  94 335
NCI1	83.04934096336365	9.590240478515625	0.5316301703163017	0.5466530899791021	3	0.5	104 305  80 333
NCI1	83.18221139907837	9.390526533126831	0.5316301703163017	0.5454413601624427	3	0.5	122 289  96 315
NCI1	83.32769012451172	9.369372844696045	0.5206812652068127	0.5512464634602039	3	0.5	107 322  72 321
NCI1	82.9209668636322	9.520791292190552	0.5291970802919708	0.5419696574920649	3	0.5	123 295  92 312
NCI1	82.79553461074829	9.279123306274414	0.5413625304136253	0.5478198802281706	3	0.5	108 313  64 337
NCI1	84.00332856178284	10.030268907546997	0.51338199513382	0.5297196173155253	4	0.05	110 304  96 312
NCI1	84.03854632377625	10.157634496688843	0.5401459854014599	0.563101160862355	4	0.05	105 315  63 339
NCI1	85.60161972045898	9.98611569404602	0.551094890510949	0.5662273632312506	4	0.05	103 295  74 350
NCI1	85.2924416065216	9.760186910629272	0.5583941605839416	0.5751198326786232	4	0.05	107 292  71 352
NCI1	85.7286491394043	9.73757791519165	0.5267639902676399	0.5411548966980098	4	0.05	 71 352  37 362
NCI1	85.35582780838013	9.227124691009521	0.5413625304136253	0.5555479732496247	4	0.1	107 284  93 338
NCI1	85.1777195930481	9.38136625289917	0.5316301703163017	0.5384774979845403	4	0.1	 98 298  87 339
NCI1	85.23799419403076	9.47852087020874	0.559610705596107	0.5720289751979893	4	0.1	112 284  78 348
NCI1	85.12699913978577	9.447628021240234	0.5498783454987834	0.5394454584241966	4	0.1	106 292  78 346
NCI1	85.47316145896912	9.51616382598877	0.5644768856447688	0.5746749017006964	4	0.1	118 286  72 346
NCI1	85.46034932136536	9.63622498512268	0.4902676399026764	0.5608252022846264	4	0.15	364  18 401  39
NCI1	85.25324845314026	9.43302583694458	0.5328467153284672	0.5542144062527756	4	0.15	 88 329  55 350
NCI1	85.04738569259644	9.608858346939087	0.524330900243309	0.5450193045620353	4	0.15	 82 336  55 349
NCI1	85.00588512420654	9.59885859489441	0.524330900243309	0.5606615352610776	4	0.15	 83 354  37 348
NCI1	85.27571892738342	9.537364721298218	0.5194647201946472	0.5285918449641824	4	0.15	 85 343  52 342
NCI1	85.34521245956421	9.623045682907104	0.5206812652068127	0.5310024470158848	4	0.2	 99 300  94 329
NCI1	85.3112940788269	9.576942682266235	0.5170316301703163	0.5303314645654374	4	0.2	104 309  88 321
NCI1	85.22121453285217	9.340201377868652	0.5328467153284672	0.5272020725388601	4	0.2	104 282 102 334
NCI1	85.23733258247375	9.624540567398071	0.5158150851581509	0.5452191943127961	4	0.2	105 317  81 319
NCI1	85.30438804626465	9.483893156051636	0.5291970802919708	0.5368151749705373	4	0.2	107 296  91 328
NCI1	85.20698571205139	9.35730242729187	0.5401459854014599	0.5463398313515562	4	0.5	103 301  77 341
NCI1	84.93115425109863	9.304919481277466	0.5291970802919708	0.5223865574081091	4	0.5	102 304  83 333
NCI1	84.9424159526825	9.49096131324768	0.5218978102189781	0.5220625277818935	4	0.5	107 290 103 322
NCI1	85.14279174804688	9.471185445785522	0.5279805352798054	0.5493496806123718	4	0.5	113 296  92 321
NCI1	85.0960533618927	9.329280376434326	0.5218978102189781	0.5327082528455526	4	0.5	100 337  56 329
COX2	2.2771506309509277	7.761101245880127	0.7553191489361702	0.4721371708511941	2	0.05	70  1 22  1
COX2	2.2075064182281494	7.653500556945801	0.7127659574468085	0.5345494748479822	2	0.05	67  0 27  0
COX2	2.202139377593994	7.632692813873291	0.7446808510638298	0.4715789473684211	2	0.05	70  5 19  0
COX2	2.2118818759918213	7.630693674087524	0.8297872340425532	0.5657051282051282	2	0.05	77  1 15  1
COX2	2.2016215324401855	7.608974933624268	0.7978723404255319	0.49378654970760233	2	0.05	75  1 18  0
COX2	2.1600985527038574	7.496389865875244	0.8191489361702128	0.4519230769230769	2	0.1	77  1 16  0
COX2	2.1431684494018555	7.539531469345093	0.7446808510638298	0.5610119047619048	2	0.1	70  0 24  0
COX2	2.1464974880218506	7.5846638679504395	0.776595744680851	0.4144736842105263	2	0.1	73  3 18  0
COX2	2.147825241088867	7.690284252166748	0.776595744680851	0.44977168949771684	2	0.1	73  0 21  0
COX2	2.156464099884033	7.641913890838623	0.6914893617021277	0.5362554112554112	2	0.1	65  1 28  0
COX2	2.1412651538848877	7.556715965270996	0.7872340425531915	0.5722972972972973	2	0.15	73  1 19  1
COX2	2.145129919052124	7.628944158554077	0.7659574468085106	0.46509491733006736	2	0.15	71  0 22  1
COX2	2.1417222023010254	7.346040964126587	0.7659574468085106	0.4672297297297297	2	0.15	72  2 20  0
COX2	2.132598876953125	7.704034090042114	0.7446808510638298	0.5648809523809524	2	0.15	70  0 24  0
COX2	2.1457433700561523	7.361052751541138	0.7978723404255319	0.47087719298245617	2	0.15	74  1 18  1
COX2	2.1273701190948486	7.641032934188843	0.8297872340425532	0.5147679324894514	2	0.2	78  1 15  0
COX2	2.133807897567749	7.556715965270996	0.8085106382978723	0.5276442307692307	2	0.2	76  2 16  0
COX2	2.1198854446411133	7.711644411087036	0.7446808510638298	0.5208741030658839	2	0.2	70  3 21  0
COX2	2.135058641433716	7.62226676940918	0.7872340425531915	0.4247076023391813	2	0.2	74  2 18  0
COX2	2.1306071281433105	7.712967872619629	0.7659574468085106	0.5517676767676767	2	0.2	72  0 22  0
COX2	2.1109859943389893	7.519022226333618	0.8085106382978723	0.5849122807017544	2	0.5	75  0 18  1
COX2	2.112811803817749	7.582523584365845	0.7659574468085106	0.5091540404040404	2	0.5	71  1 21  1
COX2	2.1018307209014893	7.651841878890991	0.8085106382978723	0.4739583333333333	2	0.5	76  2 16  0
COX2	2.104487180709839	7.587932348251343	0.7553191489361702	0.48988095238095236	2	0.5	70  0 23  1
COX2	2.1274991035461426	7.6419677734375	0.723404255319149	0.5735294117647058	2	0.5	68  0 26  0
COX2	2.2214596271514893	7.686758518218994	0.8297872340425532	0.5464743589743589	3	0.05	78  0 16  0
COX2	2.214298725128174	7.63065242767334	0.7553191489361702	0.47917942437232086	3	0.05	71  0 23  0
COX2	2.204327344894409	7.581676721572876	0.7659574468085106	0.4928245270711024	3	0.05	72  1 21  0
COX2	2.2047693729400635	7.783470630645752	0.7978723404255319	0.5328947368421053	3	0.05	75  1 18  0
COX2	2.200927734375	7.71274471282959	0.8085106382978723	0.4369747899159664	3	0.05	76  1 17  0
COX2	2.1556270122528076	7.693012475967407	0.7446808510638298	0.5312308634415187	3	0.1	70  1 23  0
COX2	2.144745349884033	7.586296796798706	0.8085106382978723	0.4952485380116959	3	0.1	75  1 17  1
COX2	2.14780330657959	7.711726188659668	0.7553191489361702	0.46264543784445805	3	0.1	70  1 22  1
COX2	2.1372029781341553	7.689030647277832	0.7446808510638298	0.5791666666666666	3	0.1	70  0 24  0
COX2	2.1503548622131348	7.559141635894775	0.8191489361702128	0.5339954163483576	3	0.1	77  0 17  0
COX2	2.141252040863037	7.676296234130859	0.7872340425531915	0.4263513513513513	3	0.15	74  0 20  0
COX2	2.13549542427063	7.756005764007568	0.8191489361702128	0.5113924050632911	3	0.15	77  2 15  0
COX2	2.1318304538726807	7.743846416473389	0.7340425531914894	0.4582517938682322	3	0.15	69  4 21  0
COX2	2.137885808944702	7.6986870765686035	0.7340425531914894	0.48124999999999996	3	0.15	69  1 24  0
COX2	2.140777826309204	7.589057683944702	0.8191489361702128	0.427266081871345	3	0.15	76  0 17  1
COX2	2.131028175354004	7.557221412658691	0.7446808510638298	0.41977954684629515	3	0.2	70  1 23  0
COX2	2.1286141872406006	7.535523176193237	0.6914893617021277	0.5103448275862069	3	0.2	65  0 29  0
COX2	2.130474090576172	7.489102125167847	0.7127659574468085	0.4250565610859729	3	0.2	67  1 26  0
COX2	2.1468896865844727	7.6493308544158936	0.7872340425531915	0.4442105263157895	3	0.2	74  1 19  0
COX2	2.1319491863250732	7.630219221115112	0.776595744680851	0.5208741030658839	3	0.2	73  0 21  0
COX2	2.107346296310425	7.673916578292847	0.776595744680851	0.542726679712981	3	0.5	72  1 20  1
COX2	2.1081581115722656	7.479568004608154	0.8085106382978723	0.5133333333333333	3	0.5	74  1 17  2
COX2	2.105813980102539	7.628424167633057	0.7340425531914894	0.4779761904761905	3	0.5	69  1 24  0
COX2	2.112901210784912	7.466362476348877	0.7446808510638298	0.4852631578947369	3	0.5	70  5 19  0
COX2	2.1133012771606445	7.474059820175171	0.6808510638297872	0.47727272727272724	3	0.5	64  8 22  0
COX2	2.2051825523376465	7.660503149032593	0.776595744680851	0.5321637426900585	4	0.05	73  3 18  0
COX2	2.21858549118042	7.489012718200684	0.776595744680851	0.45044191919191917	4	0.05	72  0 21  1
COX2	2.207166910171509	7.636956453323364	0.8617021276595744	0.45121951219512196	4	0.05	80  2 11  1
COX2	2.208407402038574	7.541529178619385	0.8085106382978723	0.4886075949367088	4	0.05	76  3 15  0
COX2	2.199659824371338	7.56929087638855	0.8085106382978723	0.5049122807017544	4	0.05	74  1 17  2
COX2	2.148390293121338	7.640868425369263	0.776595744680851	0.5257664709719505	4	0.1	73  0 21  0
COX2	2.15156888961792	7.404068946838379	0.7872340425531915	0.5070945945945946	4	0.1	74  0 20  0
COX2	2.1548047065734863	7.474024534225464	0.776595744680851	0.5030405405405406	4	0.1	72  2 19  1
COX2	2.1586694717407227	7.746219635009766	0.8617021276595744	0.5493827160493827	4	0.1	81  0 13  0
COX2	2.150211811065674	7.4288530349731445	0.7872340425531915	0.5939189189189189	4	0.1	74  0 20  0
COX2	2.139920949935913	7.777653455734253	0.7872340425531915	0.452280701754386	4	0.15	74  1 19  0
COX2	2.1395301818847656	7.6989219188690186	0.7553191489361702	0.5030618493570116	4	0.15	71  0 23  0
COX2	2.132469892501831	7.684902906417847	0.7872340425531915	0.45796783625730997	4	0.15	73  3 17  1
COX2	2.1314172744750977	7.578471660614014	0.8191489361702128	0.4763177998472116	4	0.15	77  0 17  0
COX2	2.131509780883789	7.687155246734619	0.6702127659574468	0.44405241935483875	4	0.15	62  0 31  1
COX2	2.1349024772644043	7.322503328323364	0.7340425531914894	0.5085227272727273	4	0.2	69  3 22  0
COX2	2.160870313644409	7.5403523445129395	0.8085106382978723	0.3865546218487395	4	0.2	76  1 17  0
COX2	2.1270129680633545	7.5391762256622314	0.6808510638297872	0.5056818181818182	4	0.2	64  2 28  0
COX2	2.1349804401397705	7.578943490982056	0.7659574468085106	0.5430528375733854	4	0.2	71  2 20  1
COX2	2.1294169425964355	7.701886415481567	0.7872340425531915	0.4780701754385965	4	0.2	74  2 18  0
COX2	2.106520652770996	7.639883995056152	0.7340425531914894	0.4889880952380952	4	0.5	69  1 24  0
COX2	2.1155128479003906	7.404602766036987	0.776595744680851	0.44324853228962824	4	0.5	73  0 21  0
COX2	2.108599901199341	7.641859769821167	0.6808510638297872	0.5411458333333333	4	0.5	63  1 29  1
COX2	2.1076126098632812	7.733946800231934	0.7021276595744681	0.45909342177998896	4	0.5	66  1 27  0
COX2	2.115870475769043	7.701556921005249	0.7978723404255319	0.5266666666666666	4	0.5	74  1 18  1
REDDIT-MULTI-5K	3065.2790157794952	13.01676058769226	0.213	0.5216484089314979	2	0.05	  2 216   3   1   1   1 190   2   2   0   5 171   4   3   8   0 180   3
   6   8   0 172   5   6  11
REDDIT-MULTI-5K	3099.562743663788	11.413281202316284	0.194	0.5181039045474053	2	0.05	  2 218   4   1   1   0 175   2   1   0   1 186   5   2   7   1 176   3
   5   6   0 186   4   7   7
REDDIT-MULTI-5K	3060.7646803855896	11.817948579788208	0.216	0.5163368444462366	2	0.05	  0 209   2   1   4   0 200   3   0   0   1 187   2   5   3   1 187   3
   8   7   0 156   5  10   6
REDDIT-MULTI-5K	3058.2729201316833	11.340531349182129	0.206	0.5176394413959325	2	0.05	  3 206   1   0   3   4 183   2   0   1   4 202   2   5   6   1 156   6
   7   6   0 181   3   7  11
REDDIT-MULTI-5K	3065.4536893367767	11.641745567321777	0.208	0.519270264096232	2	0.05	188   0   5   0   1 208   0   2   0   0 204   1   5   1  11 174   1   4
   4   8 164   0   4   4  11
REDDIT-MULTI-5K	3052.035702943802	11.210508584976196	0.207	0.517554798315429	2	0.1	  0 196   5   0   0   1 185   5   0   0   1 178   6   2   5   1 185   5
   6   6   0 194   3   6  10
REDDIT-MULTI-5K	3052.3481781482697	11.305436611175537	0.221	0.5117494781487322	2	0.1	  1 197   4   1   4   0 199   5   0   1   0 173  10   5   5   0 177   6
   6   9   0 181   9   2   5
REDDIT-MULTI-5K	3054.372891664505	11.115640878677368	0.225	0.519742519769037	2	0.1	  1 210   5   0   3   1 205   3   0   2   2 166   7   6   8   2 180   4
   6   8   1 166   3   5   6
REDDIT-MULTI-5K	3060.4346108436584	11.31731653213501	0.212	0.5187243689294426	2	0.1	190   1   6   0   3 206   1   1   0   1 177   0   5   2   6 178   2   4
   7   5 187   0   3   6   9
REDDIT-MULTI-5K	3057.16348528862	11.31700587272644	0.208	0.516494380782649	2	0.1	  0 186   5   0   1   2 191   2   2   1   3 201   2   5   8   1 176   5
   4  10   1 176   2   5  11
REDDIT-MULTI-5K	3061.467743396759	11.250666856765747	0.214	0.5140380623445509	2	0.15	  0 209   3   1   2   0 195   3   2   0   0 182   5   0   6   0 173   7
   5   4   0 178  11   5   9
REDDIT-MULTI-5K	3050.230755329132	11.370443105697632	0.192	0.5128848471429592	2	0.15	180   5   3   0   1 197   0   2   0   0 200   2   6   1   3 174   1   7
   4   4 195   0   9   4   2
REDDIT-MULTI-5K	3047.753569841385	11.532878398895264	0.209	0.5208197189019853	2	0.15	  1 204   0   0   1   1 186   3   1   1   4 189   4   1   9   0 192   1
   5  11   0 167   3   3  13
REDDIT-MULTI-5K	3038.2926676273346	11.08450984954834	0.215	0.5150938332289188	2	0.15	  1 207   6   0   1   3 194   2   1   2   2 191   7   8   5   0 148   5
   6   3   1 186   3  11   7
REDDIT-MULTI-5K	3055.3357124328613	11.158116340637207	0.219	0.5204326393201135	2	0.15	196   0   5   0   0 208   0   2   1   0 189   0   6   6   3 157   0   6
   8   3 188   0   4   9   9
REDDIT-MULTI-5K	3047.8341929912567	11.022401332855225	0.215	0.5165125976382172	2	0.2	  2 217   5   1   2   0 196   3   1   1   2 174   4   5   5   0 175   0
   2  12   0 174   5   3  11
REDDIT-MULTI-5K	3040.1201248168945	11.322922706604004	0.197	0.5192219469956931	2	0.2	  0 198   5   0   4   0 180   2   2   2   1 182   3   4   8   0 182   2
   7  14   0 190   2   5   7
REDDIT-MULTI-5K	3044.1644892692566	11.257556676864624	0.193	0.5183889168520135	2	0.2	170   0   6   1   6 202   0   4   0   0 193   0   7   4   7 173   1   1
   7  11 189   0   3   6   9
REDDIT-MULTI-5K	3040.4970729351044	11.58236026763916	0.202	0.5234060032420488	2	0.2	  0 205   4   0   0   1 183   3   2   1   2 184   4   4   8   2 176   2
   8   4   1 190   0   9   7
REDDIT-MULTI-5K	3046.8292202949524	11.279006004333496	0.198	0.5175259998889283	2	0.2	  0 173   6   0   2   1 178   2   0   3   1 182   3   4  13   0 215   0
   8  12   0 183   0   5   9
REDDIT-MULTI-5K	3037.038642883301	11.148006916046143	0.194	0.5176988885379152	2	0.5	174   2   4   0   1 211   0   4   0   2 196   0   4   4   6 180   0   3
   6  11 176   0   4   2  10
REDDIT-MULTI-5K	3037.4212913513184	11.316380262374878	0.212	0.5129252427419051	2	0.5	  0 207   3   0   1   2 201   5   0   0   2 162   6   3   2   0 192   4
   1   7   0 186   7   5   4
REDDIT-MULTI-5K	3040.055141687393	11.36538314819336	0.212	0.5226655351452079	2	0.5	  1 199   1   0   2   1 199   0   2   0   5 202   2   3  11   1 183   1
   2  14   0 157   0   6   8
REDDIT-MULTI-5K	3034.2590012550354	11.146103143692017	0.198	0.5152043427898638	2	0.5	  1 206   2   1   1   0 180   5   0   0   1 189   5   1   4   0 195   5
   7   8   0 176   6   2   5
REDDIT-MULTI-5K	3032.698412656784	11.218976020812988	0.217	0.5226191750594169	2	0.5	  0 192   6   0   0   0 198   0   0   0   0 178   6   4   8   1 183   6
   3   8   0 187   2   8  10
REDDIT-MULTI-5K	3053.8466880321503	11.332287549972534	0.203	0.5092073381385577	3	0.05	  0 209   5   0   1   0 190   2   0   3   0 170   4   5   4   0 192   2
   4  10   0 186   1   7   5
REDDIT-MULTI-5K	3052.5709517002106	11.696263074874878	0.226	0.5194246115231564	3	0.05	  0 206   2   1   1   0 210   1   0   0   1 161   4   1   7   0 190   2
   4  10   0 184   3   4   8
REDDIT-MULTI-5K	3053.4305930137634	11.534159183502197	0.22	0.520021923751641	3	0.05	  1 202   6   0   0   2 199   4   0   0   0 176   3   5   8   1 196   3
   9   7   0 161   4   5   8
REDDIT-MULTI-5K	3056.2192838191986	11.722442865371704	0.196	0.5102405249481278	3	0.05	  0 187   1   0   5   2 185   0   0   1   5 190   3   3   4   0 195   2
   3   7   0 192   6   4   5
REDDIT-MULTI-5K	3053.2802708148956	11.569896697998047	0.23	0.516649158906303	3	0.05	  1 211   6   0   1   4 210   0   1   2   2 178   4   3   8   0 161   2
   7   8   0 176   3   4   8
REDDIT-MULTI-5K	3056.65110373497	11.529215812683105	0.193	0.5116960720813053	3	0.1	  0 175   6   0   3   1 182   3   1   1   2 190   3   3  12   0 203   2
   3  12   0 190   2   1   5
REDDIT-MULTI-5K	3046.3966212272644	11.131128072738647	0.209	0.5124955275860061	3	0.1	  2 198   1   1   5   0 191   1   1   1   3 188   4   3   6   0 193   5
   3   4   1 172   5   3   9
REDDIT-MULTI-5K	3047.4530165195465	11.257798910140991	0.21	0.5175485481199885	3	0.1	190   0   2   0   3 197   1   3   0   1 197   0   5   3   6 169   2   6
   4  10 183   0   6   2  10
REDDIT-MULTI-5K	3052.221942424774	11.4008047580719	0.22	0.5158205452062734	3	0.1	  0 191   4   0   0   0 204   3   0   1   0 171   5   1   7   2 180   3
   6  10   0 199   4   4   5
REDDIT-MULTI-5K	3050.474324464798	11.254170656204224	0.212	0.5215254682568414	3	0.1	185   1   3   0   5 195   1   1   1   0 183   0   6   7   8 181   1   2
   6  10 183   0   4   3  14
REDDIT-MULTI-5K	3042.2225937843323	11.43536639213562	0.213	0.5203555538179271	3	0.15	  0 191   5   0   3   0 197   5   1   1   2 182   4   3   9   0 193   1
   6   6   0 173   3   9   6
REDDIT-MULTI-5K	3041.2220640182495	11.343106031417847	0.205	0.5216012365944007	3	0.15	188   1   3   0   2 202   0   3   1   0 187   0   4   7   4 173   2   0
   9   6 186   0   6  12   4
REDDIT-MULTI-5K	3042.4710693359375	11.285204648971558	0.189	0.5106145111538225	3	0.15	  0 193   4   1   0   0 179   4   0   0   0 194   4   5   1   0 186   4
   5   2   0 195   6  16   1
REDDIT-MULTI-5K	3039.0668444633484	11.45844554901123	0.199	0.5164222784809582	3	0.15	183   3   3   0   3 204   0   1   0   1 184   1   4   2   8 182   0   5
   5  12 189   0   1   2   7
REDDIT-MULTI-5K	3037.8620455265045	11.224513530731201	0.213	0.5216726557231673	3	0.15	  0 225   5   0   2   1 193   2   0   1   1 177   5   5   9   0 163   3
   4  10   0 177   3   3  11
REDDIT-MULTI-5K	3041.9450132846832	10.99403715133667	0.205	0.5174658756765567	3	0.2	  0 189   2   0   3   0 183   7   0   2   2 189   6   5   6   0 182   3
   5   7   0 186   7   5  11
REDDIT-MULTI-5K	3038.794316291809	11.29899287223816	0.209	0.5181206722087627	3	0.2	  0 216   7   0   2   0 189   3   1   0   0 169   6   3   4   0 195   3
   6   4   0 172   8   4   8
REDDIT-MULTI-5K	3039.470500230789	11.275239706039429	0.199	0.5104786770086414	3	0.2	181   1   5   0   0 197   0   4   0   0 187   0   6   5  11 182   1   2
   7   7 193   0   1   5   5
REDDIT-MULTI-5K	3048.5306758880615	11.151167392730713	0.196	0.517085982103256	3	0.2	  0 189   1   3   2   0 182   0   2   0   2 198   3   3   6   0 188   2
   4   9   0 191   4   4   7
REDDIT-MULTI-5K	3057.345775604248	11.422640562057495	0.208	0.5183920140997863	3	0.2	191   1   7   0   1 212   1   2   0   1 197   1   2   5   6 166   2   5
   7   7 168   0   6   5   7
REDDIT-MULTI-5K	3066.2142248153687	11.176021099090576	0.223	0.5201798606740011	3	0.5	  2 208   2   0   2   3 199   0   0   2   2 181   5   3  10   2 191   1
   6   7   0 160   1   2  11
REDDIT-MULTI-5K	3030.749542951584	11.238933801651001	0.199	0.5147951502981297	3	0.5	180   0   0   0   0 193   1   2   0   1 188   0   7   9   6 179   1   9
   7   2 197   0   5   9   4
REDDIT-MULTI-5K	3035.093820810318	11.308960676193237	0.198	0.5227779543933807	3	0.5	182   0   1   0   2 211   1   1   0   1 171   2   2   3   9 179   0   3
   4  13 204   0   0   2   9
REDDIT-MULTI-5K	3047.3559255599976	11.035839796066284	0.219	0.518096235075556	3	0.5	  0 194   2   0   1   1 203   2   0   0   2 200   2   3   6   0 196   3
   7   8   2 157   2   2   7
REDDIT-MULTI-5K	3033.9341151714325	11.24562120437622	0.204	0.5179863866173716	3	0.5	189   0   3   0   1 199   0   4   0   1 188   0   7   2   7 176   0   2
   1  15 187   0   9   2   7
REDDIT-MULTI-5K	3051.0102956295013	11.690916776657104	0.214	0.5196976334074219	4	0.05	  1 201   2   0   4   1 195   2   0   2   2 189   2   2  11   1 188   1
   3  17   1 158   2   2  13
REDDIT-MULTI-5K	3052.281969308853	11.81095838546753	0.215	0.517012365148146	4	0.05	  0 197   4   0   2   0 202   6   0   0   0 185   4   4   8   0 172   0
   4   6   0 191   2   8   5
REDDIT-MULTI-5K	3049.997828722	11.611114740371704	0.189	0.519068685029112	4	0.05	166   0   3   1   2 192   2   1   0   1 190   0   5   7   5 215   0   3
   7   5 177   0   2   7   9
REDDIT-MULTI-5K	3045.9113323688507	11.558393478393555	0.213	0.5103443065500489	4	0.05	  2 202   1   1   2   0 193   4   2   0   3 163   4   3  12   0 189   2
   4   5   0 194   3   1  10
REDDIT-MULTI-5K	3050.4001591205597	11.677075624465942	0.201	0.511227000703917	4	0.05	  2 184   1   1   3   1 189   2   1   0   2 204   0   4   3   0 193   1
   5   3   0 189   3   4   5
REDDIT-MULTI-5K	3059.6414012908936	11.434925079345703	0.21	0.5165406876482509	4	0.1	  1 194   0   0   2   1 189   2   0   1   2 194   4   3   5   0 176   1
   6   7   1 190   2   9  10
REDDIT-MULTI-5K	3048.095987558365	11.201320171356201	0.191	0.5145747973603859	4	0.1	  1 192   0   0   0   1 170   1   2   1   2 186   4   4   4   1 219   4
   8   7   1 174   4   6   8
REDDIT-MULTI-5K	3049.0529685020447	11.253979682922363	0.205	0.5141353411445614	4	0.1	  0 200   6   2   2   0 191   2   0   0   0 193   3   5   4   0 181   3
   7   2   0 182   2  11   4
REDDIT-MULTI-5K	3054.1401982307434	11.567936182022095	0.205	0.520486130755541	4	0.1	  1 207   2   0   1   0 184   1   2   0   3 183   5   7   8   0 190   2
  10   7   1 171   0  10   5
REDDIT-MULTI-5K	3051.5465075969696	11.373361349105835	0.214	0.5198177261743914	4	0.1	  1 216   4   0   2   0 196   0   0   0   0 177   6   6   6   0 178   2
   5  10   0 176   6   3   6
REDDIT-MULTI-5K	3044.257637500763	11.55608868598938	0.194	0.5206772868584734	4	0.15	175   0   5   0   3 189   1   2   0   0 187   0   5   6   4 190   0   2
   8  12 186   0  10  10   5
REDDIT-MULTI-5K	3041.165709257126	11.047482252120972	0.201	0.5184514701932523	4	0.15	  0 209   4   0   2   0 184   1   0   1   0 199   3   2  10   1 185   6
   4   9   0 162   2   6  10
REDDIT-MULTI-5K	3048.40727186203	11.130382537841797	0.228	0.5205674434317004	4	0.15	  1 199   3   0   2   0 203   3   1   0   2 179   5   5  10   2 190   2
   9   7   1 161   1   4  10
REDDIT-MULTI-5K	3037.4285895824432	11.292470455169678	0.207	0.5136484994567457	4	0.15	188   3   3   0   1 219   1   0   1   4 190   1   5   4   8 150   0   5
   6   9 187   1   3   4   7
REDDIT-MULTI-5K	3042.0102949142456	11.485069274902344	0.207	0.5206537829382327	4	0.15	  0 199   5   0   1   0 190   5   0   0   2 184   3   3  11   1 183   3
   5  15   1 176   2   2   9
REDDIT-MULTI-5K	3051.621392250061	11.035485982894897	0.206	0.5123255101417374	4	0.2	188   0   3   2   3 197   1   2   0   0 182   0   3   9   6 194   1   0
   2   9 183   0   2   1  12
REDDIT-MULTI-5K	3040.663722515106	11.279736757278442	0.208	0.5224493346999479	4	0.2	185   2   3   0   2 207   0   0   1   0 196   2  10   2   5 179   0   2
   9   5 178   0   3   5   4
REDDIT-MULTI-5K	3041.630809545517	11.22510051727295	0.211	0.5146892795262623	4	0.2	196   1   6   3   0 210   2   3   2   0 185   3   4  10   0 169   2   2
   9   2 171   1   2  17   0
REDDIT-MULTI-5K	3093.235495328903	11.19465684890747	0.216	0.5128515969864083	4	0.2	  2 203   1   0   3   4 201   2   0   0   5 171   6   5   6   2 188   8
   3   7   2 171   5   1   4
REDDIT-MULTI-5K	3051.8166851997375	11.201917886734009	0.202	0.5227633910939513	4	0.2	  2 208   3   0   4   0 181   3   2   2   4 185   4   5   6   1 180   2
   8   9   0 174   3   7   7
REDDIT-MULTI-5K	3035.4582114219666	11.141269207000732	0.21	0.5121156068181547	4	0.5	  0 188   1   0   1   0 188   3   0   2   1 188   8   3   5   0 199   4
   8   8   1 174   8   4   6
REDDIT-MULTI-5K	3043.1935772895813	10.967795610427856	0.206	0.5191967351045572	4	0.5	183   0   4   0   2 205   2   6   0   0 176   0   3   4   5 187   2   1
  10   5 188   0   1   8   8
REDDIT-MULTI-5K	3045.6062865257263	11.220933198928833	0.208	0.5169697550325882	4	0.5	  1 191   1   0   5   1 186   0   0   0   0 167   3   1   6   1 225   3
   7   5   0 178   4   4  11
REDDIT-MULTI-5K	3042.4244673252106	11.438874959945679	0.213	0.518566955696787	4	0.5	  0 199   1   0   2   2 195   1   0   2   2 176   3   2   8   0 196   1
   5  13   0 173   3   6  10
REDDIT-MULTI-5K	3031.0740411281586	11.341752052307129	0.201	0.5197963591555185	4	0.5	180   0   6   0   2 210   1   3   0   0 188   0  11   1   3 181   1   6
   4   7 183   0   5   3   5
REDDIT-MULTI-12K	11853.10958480835	16.06157898902893	0.21500419111483654	0.5440559590971993	2	0.05	  2   3   0   1   0   0   0   0   0 155   1   6   9   0  10   0   0   1
   1   0 214   0   2   3   0   7   0   0   0   0   0 168   2   2   7   0
  20   0   0   4   0   0 207   6   1   1   0   2   0   0   0   0   0  92
   1   0   2   0   7   0   2   2   0   0 167   4   0   7   0   5   0   1
   0   1   0 221  11   0   2   0   0   0   0   0   0   0 193   0   3   2
   1   4   0   0   0   0   0  97   0   5   7   0   8   0   2   2   0   0
 465   8   0   1   0   1   0   0   1   0   0 211  15
REDDIT-MULTI-12K	11772.680532455444	16.17576813697815	0.20955574182732606	0.5421248625605187	2	0.05	  5   3   0   0   0   0   0   0   0 140   2   3  11   3  11   0   0   1
   0   0 214   2   0   4   0  11   0   1   1   0   0 156   0   2   4   4
  19   0   0   3   0   0 214   6   3   1   0   2   0   0   0   0   0 108
   1   0   0   0   8   0   2   0   0   0 197   5   0   3   1   8   0   1
   2   0   0 224  10   2   0   0   1   0   2   1   0   0 217   0   0   1
   0   1   0   0   1   0   0  83   4   4   3   2   7   0   0   9   0   0
 444  21   0   0   0   3   0   0   2   0   0 165  17
REDDIT-MULTI-12K	11798.738358020782	15.829204320907593	0.2259010896898575	0.5457772106615475	2	0.05	 10   0   0   0   0   0   0   0   0 137   1   9   2   0  15   0   0   0
   0   0 195   1   2   2   0   9   0   0   0   0   0 167   0   1   1   0
  29   0   0   1   0   0 214   3   2   1   0   6   0   0   0   0   0  79
   0   1   0   0   8   0   0   0   1   0 189   2   1   1   0   9   0   1
   0   0   0 215  14   4   0   0   1   0   1   0   0   0 202   0   0   0
   0   8   0   0   0   0   0 113   4   6   0   0  13   0   0   2   0   0
 484  17   0   0   0   5   0   1   0   0   0 182  14
REDDIT-MULTI-12K	11756.00339460373	15.90451431274414	0.22338642078792958	0.5368747158915358	2	0.05	  3   1   0   0   0   0   0   0   0 145   2   3   4   0  10   0   1   0
   0   0 195   0   1   1   0  12   0   0   0   0   0 172   2   1   0   1
  18   0   1   0   0   0 216   9   2   1   0   1   0   0   0   0   0 106
   0   0   0   0   7   0   2   0   0   0 168   3   0   2   0   5   0   1
   0   0   0 222  10   0   4   0   0   0   1   0   0   0 220   0   2   1
   0   8   0   1   0   0   0  95   3   5   2   0   8   0   1   1   0   0
 491  18   0   0   0   6   0   0   0   0   0 176  15
REDDIT-MULTI-12K	11944.943752765656	15.758082151412964	0.22673931265716682	0.537081757524501	2	0.05	  7   0   0   0   0   0   0   0   0 131   1   7   3   0  11   0   0   2
   0   0 191   2   1   3   0  13   0   0   0   0   0 159   4   1   0   0
  16   0   0   0   0   0 206   7   2   1   0   3   0   0   1   0   0 109
   2   0   0   0   5   0   0   0   2   0 197   3   2   2   0  14   0   0
   1   1   0 218  13   1   0   0   1   0   0   2   0   0 203   0   1   0
   0   6   0   0   0   0   0  97   2   5   2   0   7   1   0   3   0   0
 501  12   0   0   0   7   0   0   3   0   0 178  13
REDDIT-MULTI-12K	11778.57829451561	15.63375997543335	0.2347024308466052	0.5367134855136926	2	0.1	  5   0   0   2   0   0   1   0   0 117   2   4  12   0   7   0   0   2
   0   0 217   1   3   5   1   3   0   0   1   1   0 164   4   2  13   3
  10   0   1   1   0   0 204   3   1   2   0   2   0   0   0   0   0  80
   0   0   1   1   3   0   2   1   1   0 166   1   0   3   2  10   0   0
   0   0   0 217  10   1   1   0   1   0   0   0   0   0 218   0   0   2
   1   6   0   0   1   0   0  85   3   2   5   0  11   0   0   2   0   0
 504  28   0   1   1   2   0   0   1   0   0 192  26
REDDIT-MULTI-12K	11760.974389314651	15.558817863464355	0.20913663034367141	0.5397705754132774	2	0.1	  9   2   0   1   0   0   0   0   0 140   2   6   8   0   5   0   0   0
   0   0 181   0   2   9   0   3   0   0   0   0   0 165   2   2   9   0
   7   0   1   0   0   0 218   3   1   2   0   3   0   0   0   0   0 112
   0   0   1   0   1   0   3   0   1   0 212   2   1   5   0   3   0   1
   0   0   0 235   7   1   0   0   0   0   0   0   1   0 220   0   1   4
   1   1   0   0   0   0   0  97   3   5   4   2   5   0   1   1   0   0
 453  14   0   1   0   1   0   0   0   0   0 187  18
REDDIT-MULTI-12K	11778.263193845749	15.545279741287231	0.2032690695725063	0.5339413426114891	2	0.1	  0   0   0   1   0   0   0   0   0 161   3   2   1   0   7   0   0   3
   0   0 187   1   1   0   0   6   0   0   0   0   0 173   2   1   1   0
  15   0   0   1   0   0 240   6   0   0   0   3   0   0   0   0   0 117
   2   0   0   0   2   0   3   3   1   0 187   2   1   1   0   5   0   0
   0   0   0 209  12   0   0   0   0   0   0   0   1   0 218   0   1   0
   0   9   0   0   0   0   0 106   2   2   0   2   6   0   0   3   0   0
 450  11   0   0   0   2   0   0   4   0   0 194  15
REDDIT-MULTI-12K	11763.323462486267	15.52702260017395	0.21668063704945514	0.5423946816802331	2	0.1	  3   0   0   0   0   0   0   0   0 134   3   2   5   0  18   0   0   0
   0   0 213   1   1   2   1   8   0   0   0   0   0 168   1   3   1   0
  16   0   0   1   0   0 236   5   1   0   0   2   0   0   0   0   0  96
   0   0   0   0   5   0   2   0   2   0 190   7   0   3   1   6   0   0
   0   0   0 225  11   0   2   0   0   0   0   0   0   0 214   0   1   1
   0   7   0   0   0   0   0  79   3   1   5   1   9   0   0   0   0   0
 476  10   0   0   0   1   0   1   0   0   0 188  14
REDDIT-MULTI-12K	11779.881573438644	15.396608829498291	0.21668063704945514	0.5415220464562621	2	0.1	  5   0   0   0   0   0   0   0   0 150   1   5   5   0   9   0   0   0
   0   0 202   0   2   4   0   7   0   0   0   0   0 148   1   1   1   0
  21   0   1   0   0   0 229   3   3   2   0   2   0   0   0   0   0 111
   0   0   1   0   7   0   0   0   0   0 195   2   0   1   0   8   0   1
   0   0   0 219  10   1   0   0   0   0   4   0   0   0 221   0   1   0
   1   3   0   0   0   0   0 100   2   2   5   0   6   0   1   1   0   0
 467  14   0   0   0   4   0   0   0   0   0 177  19
REDDIT-MULTI-12K	11968.114710569382	15.610107898712158	0.21877619446772842	0.5417486065061249	2	0.15	  4   4   0   1   0   0   0   0   0 140   1   3   4   0  12   0   0   0
   0   0 193   2   0   1   0  14   0   0   0   0   0 162   2   2   1   0
  19   0   0   0   0   0 219   3   2   0   0   1   0   0   0   0   0  96
   0   0   0   0   8   0   0   1   1   0 189   3   0   5   0   4   0   0
   0   1   0 224   7   0   4   0   2   0   0   0   0   0 241   0   2   1
   0   5   0   0   0   0   0  87   1   5   4   0   8   0   0   0   0   0
 481  10   0   0   0   5   0   0   0   0   0 187  14
REDDIT-MULTI-12K	11703.189362287521	15.436347961425781	0.21248952221290862	0.5418243638839332	2	0.15	  2   3   0   1   0   0   0   0   0 148   1   3   8   0   7   0   0   0
   0   0 196   3   1   6   0  10   0   0   1   0   1 156   2   0   5   0
  20   0   0   1   0   0 203   9   2   1   0   0   0   0   0   0   0 112
   2   0   1   0   6   0   1   2   1   0 199   3   0   5   0   9   0   0
   0   0   1 218  12   0   2   0   0   0   1   0   1   0 225   0   0   1
   0   2   0   0   0   0   0 100   4   1  12   0   5   0   0   0   0   1
 451  24   0   0   0   2   0   0   0   0   0 168  24
REDDIT-MULTI-12K	11742.420396089554	15.520236492156982	0.23176865046102263	0.5422198385948568	2	0.15	  7   0   0   1   0   0   0   0   0 135   0   7   3   0  14   0   0   0
   0   0 190   1   1   3   1  10   0   0   0   0   0 159   1   1   2   0
  23   0   0   0   0   0 216   2   2   0   0   3   0   0   0   0   0 100
   1   0   0   0  13   0   1   0   1   0 187   1   1   3   0   8   0   0
   0   1   0 229  15   1   0   0   0   0   0   0   1   0 211   0   3   0
   1   4   0   0   0   0   0  85   4   4   6   0  14   0   0   0   0   0
 499  24   0   0   0   6   0   0   0   0   0 162  18
REDDIT-MULTI-12K	11725.794670581818	15.482090711593628	0.20997485331098073	0.5400075029642841	2	0.15	  1   2   0   0   0   0   0   0   0 161   2   1   5   0  10   0   1   0
   0   0 198   3   0   3   0  13   0   0   0   0   0 183   1   0   4   0
  24   0   1   1   0   0 222   5   0   0   0   2   0   0   0   0   0 114
   1   0   1   0   6   0   1   1   0   0 170   0   0   4   0   7   0   1
   0   0   0 203   6   0   1   0   0   0   2   0   0   0 242   0   0   0
   1   4   0   0   0   0   0  91   4   1   5   0  10   2   1   1   0   0
 461   5   0   0   0   2   0   1   3   0   0 182   9
REDDIT-MULTI-12K	11728.055289506912	16.94935631752014	0.2250628667225482	0.5474492039568156	2	0.15	  4   0   0   1   0   0   0   0   0 158   1   3   5   0   9   0   0   0
   0   1 177   0   0   4   0  12   0   0   0   0   0 165   0   1   6   0
  17   0   0   0   1   0 198   5   1   0   0   3   0   0   0   0   0 104
   1   0   2   0   2   0   1   0   1   0 207   2   0   4   0   8   0   0
   0   1   0 222  18   0   2   0   0   0   1   0   0   0 215   0   3   1
   0   2   0   0   0   0   0  83   3   4   4   0   7   0   0   0   0   2
 490  20   0   0   0   3   0   0   0   0   0 181  20
REDDIT-MULTI-12K	11812.56583571434	15.340942144393921	0.22841575859178542	0.5456819436804478	2	0.2	  3   2   0   1   0   0   0   0   0 153   0   5   5   0   5   0   0   0
   0   0 210   0   1   4   0   8   0   0   0   0   0 161   2   1   1   0
  24   0   0   0   0   0 195   5   2   0   0   2   0   0   0   0   0  94
   2   0   0   0   6   0   1   1   2   0 214   4   0   1   0   6   0   0
   0   0   0 210  16   0   1   0   1   0   0   0   0   0 204   0   1   0
   0   4   0   0   0   0   0 101   1   3   9   0  10   0   1   1   0   0
 490  19   0   0   0   6   0   0   2   0   0 163  22
