ENZYMES	6.977187871932983	10.299303770065308	0.2	0.5768385932207941	2	False	3 2 4 6 2 1 5 4 2 0 3 3 6 4 4 4 1 2 2 1 3 2 7 4 7 8 3 2 3 3 2 0 3 4 2 8
ENZYMES	6.459912300109863	9.455784559249878	0.2	0.5645360588691326	2	False	5 1 4 4 3 1 4 4 1 2 3 3 6 4 3 4 1 3 3 1 3 1 6 5 7 6 3 3 4 3 3 0 3 4 2 7
ENZYMES	6.453962564468384	9.248854637145996	0.18333333333333332	0.5748770813253882	2	False	4 2 4 6 1 1 7 3 1 1 1 4 8 2 2 2 3 4 2 2 2 2 5 6 7 6 3 1 4 5 2 1 3 4 2 7
ENZYMES	6.305425405502319	9.25091814994812	0.18333333333333332	0.5759592705022213	2	False	4 3 3 6 1 1 7 3 1 1 1 4 8 2 2 2 3 4 3 2 2 2 5 5 7 6 3 1 4 5 2 1 3 4 2 7
ENZYMES	6.465542554855347	9.19149661064148	0.18333333333333332	0.5759592705022213	2	False	4 3 3 6 1 1 7 3 1 1 1 4 8 2 2 2 3 4 3 2 2 2 5 5 7 6 3 1 4 5 2 1 3 4 2 7
ENZYMES	6.773360967636108	9.225189685821533	0.18333333333333332	0.5563879659833204	3	False	3 2 4 5 1 3 4 5 0 2 3 3 4 6 3 4 2 2 1 2 3 2 8 3 6 9 2 4 3 2 3 2 2 5 1 6
ENZYMES	6.750574350357056	9.185470342636108	0.19166666666666668	0.5598171594166903	3	False	3 3 2 5 1 4 4 5 0 2 3 3 4 6 3 4 2 2 1 2 3 3 7 3 6 8 3 4 3 2 3 2 2 5 1 6
ENZYMES	6.766530990600586	9.140595436096191	0.2	0.5486938138633074	3	False	5 2 3 4 1 3 5 4 0 1 4 3 4 6 3 4 2 2 2 4 3 1 5 4 7 5 5 3 4 2 3 3 2 3 1 7
ENZYMES	6.779849529266357	9.079997539520264	0.2	0.5486938138633074	3	False	5 2 3 4 1 3 5 4 0 1 4 3 4 6 3 4 2 2 2 4 3 1 5 4 7 5 5 3 4 2 3 3 2 3 1 7
ENZYMES	6.891000986099243	9.006409406661987	0.2	0.5486938138633074	3	False	5 2 3 4 1 3 5 4 0 1 4 3 4 6 3 4 2 2 2 4 3 1 5 4 7 5 5 3 4 2 3 3 2 3 1 7
ENZYMES	7.084973096847534	9.057799100875854	0.18333333333333332	0.557891769750932	4	False	3 3 3 8 1 0 6 4 2 2 2 1 1 7 6 3 2 2 1 3 5 3 4 3 7 7 4 4 1 3 3 2 2 6 1 5
ENZYMES	7.072561740875244	8.933698892593384	0.21666666666666667	0.5572502546454817	4	False	4 3 2 6 2 1 4 6 1 2 2 2 3 4 6 2 4 2 2 5 2 0 5 5 9 4 4 3 2 4 4 1 2 3 1 8
ENZYMES	7.116372108459473	9.0011625289917	0.175	0.5646312794970437	4	False	3 3 3 8 1 0 7 5 1 2 1 1 2 7 5 3 2 2 2 2 5 1 6 3 8 7 2 5 1 3 4 1 2 5 1 6
ENZYMES	7.126233339309692	9.199013233184814	0.15833333333333333	0.5498746525403907	4	False	3 3 2 8 1 1 6 3 1 3 2 2 2 6 5 3 2 3 2 2 5 1 5 4 6 5 4 7 1 3 3 2 2 5 1 6
ENZYMES	7.106855630874634	8.998250007629395	0.2	0.5527938025438972	4	False	3 3 2 7 2 1 4 7 1 1 2 2 3 5 4 4 3 2 2 2 3 0 7 5 6 9 2 3 2 4 2 2 3 3 1 8
BZR	3.480717658996582	8.291633367538452	0.8024691358024691	0.6512345679012346	2	False	63  9  7  2
BZR	3.4759905338287354	8.371109008789062	0.8148148148148148	0.6450617283950616	2	False	64  8  7  2
BZR	3.415557622909546	8.402826309204102	0.8271604938271605	0.5555555555555556	2	False	67  5  9  0
BZR	3.415640115737915	8.439135313034058	0.8024691358024691	0.5632716049382716	2	False	64  8  8  1
BZR	3.4246768951416016	8.64376950263977	0.7901234567901234	0.5601851851851851	2	False	63  9  8  1
BZR	3.6470839977264404	8.452836990356445	0.8024691358024691	0.6172839506172839	3	False	64  8  8  1
BZR	3.5600459575653076	8.392117738723755	0.8024691358024691	0.6172839506172839	3	False	64  8  8  1
BZR	3.634652614593506	8.498721837997437	0.8024691358024691	0.5601851851851851	3	False	64  8  8  1
BZR	3.6592044830322266	8.346051216125488	0.8024691358024691	0.6172839506172839	3	False	64  8  8  1
BZR	3.645254373550415	8.256792545318604	0.8024691358024691	0.6141975308641976	3	False	64  8  8  1
BZR	3.931492805480957	8.308584213256836	0.8148148148148148	0.5802469135802468	4	False	65  7  8  1
BZR	3.888214588165283	8.305196285247803	0.8148148148148148	0.5802469135802468	4	False	65  7  8  1
BZR	3.8901185989379883	8.353968620300293	0.8024691358024691	0.5848765432098766	4	False	64  8  8  1
BZR	3.8876163959503174	8.288405418395996	0.8024691358024691	0.5848765432098766	4	False	64  8  8  1
BZR	3.88554310798645	8.283375978469849	0.8024691358024691	0.5848765432098766	4	False	64  8  8  1
MUTAG	0.8844902515411377	7.876579284667969	0.631578947368421	0.6523076923076923	2	False	 6  7  7 18
MUTAG	0.8492655754089355	7.70889139175415	0.631578947368421	0.6523076923076923	2	False	 6  7  7 18
MUTAG	0.8532302379608154	7.776898145675659	0.631578947368421	0.6523076923076923	2	False	 6  7  7 18
MUTAG	0.8551785945892334	7.831274747848511	0.6578947368421053	0.64	2	False	 6  7  6 19
MUTAG	0.8600819110870361	7.7904956340789795	0.631578947368421	0.64	2	False	 6  7  7 18
MUTAG	0.9001486301422119	7.801848888397217	0.631578947368421	0.6584615384615384	3	False	 6  7  7 18
MUTAG	0.964616060256958	7.76125955581665	0.6578947368421053	0.6615384615384615	3	False	 7  6  7 18
MUTAG	0.9045112133026123	7.87535285949707	0.631578947368421	0.6584615384615384	3	False	 6  7  7 18
MUTAG	0.9092638492584229	7.764765977859497	0.6578947368421053	0.6615384615384615	3	False	 7  6  7 18
MUTAG	0.9147293567657471	7.894291877746582	0.6578947368421053	0.6615384615384615	3	False	 7  6  7 18
MUTAG	0.9601852893829346	7.779054403305054	0.6578947368421053	0.6430769230769231	4	False	 4  9  4 21
MUTAG	0.9706592559814453	7.858920097351074	0.6578947368421053	0.6430769230769231	4	False	 4  9  4 21
MUTAG	0.9676461219787598	7.805496454238892	0.6578947368421053	0.6430769230769231	4	False	 4  9  4 21
MUTAG	0.9706361293792725	7.799143314361572	0.631578947368421	0.64	4	False	 4  9  5 20
MUTAG	0.9734320640563965	7.759122848510742	0.6578947368421053	0.6430769230769231	4	False	 4  9  4 21
PROTEINS	22.888473987579346	10.630789995193481	0.6322869955156951	0.6694197551568003	2	False	105  29  53  36
PROTEINS	22.773796319961548	10.664515733718872	0.6367713004484304	0.6776370954217675	2	False	107  27  54  35
PROTEINS	22.916452884674072	10.709369421005249	0.6412556053811659	0.6767985913130974	2	False	108  26  54  35
PROTEINS	22.812817573547363	10.698943614959717	0.6367713004484304	0.6776370954217675	2	False	107  27  54  35
PROTEINS	22.860821962356567	10.854737997055054	0.6412556053811659	0.6767985913130974	2	False	108  26  54  35
PROTEINS	23.453986644744873	10.82068920135498	0.6233183856502242	0.6725641455643132	3	False	102  32  52  37
PROTEINS	23.50465416908264	10.545637607574463	0.6233183856502242	0.6725641455643132	3	False	102  32  52  37
PROTEINS	23.4550199508667	10.459939002990723	0.6233183856502242	0.6725641455643132	3	False	102  32  52  37
PROTEINS	23.563170194625854	10.54948091506958	0.6233183856502242	0.6725641455643132	3	False	102  32  52  37
PROTEINS	23.52517032623291	10.462945699691772	0.6278026905829597	0.6734026496729835	3	False	103  31  52  37
PROTEINS	24.23355484008789	10.454742670059204	0.6502242152466368	0.668078148582928	4	False	105  29  49  40
PROTEINS	24.12228488922119	10.599772453308105	0.6412556053811659	0.6644725809156465	4	False	104  30  50  39
PROTEINS	24.225600242614746	10.620999097824097	0.6412556053811659	0.6644725809156465	4	False	104  30  50  39
PROTEINS	24.083958387374878	10.553718090057373	0.6412556053811659	0.6644725809156465	4	False	104  30  50  39
PROTEINS	24.18285369873047	10.509165048599243	0.6412556053811659	0.6755827603555258	4	False	106  28  52  37
DHFR	11.097748041152954	9.777985334396362	0.5986842105263158	0.4652296157450796	2	False	 7 48 13 84
DHFR	11.067811250686646	9.716111898422241	0.5986842105263158	0.45679475164011246	2	False	 7 48 13 84
DHFR	11.150531530380249	9.786059617996216	0.5986842105263158	0.45679475164011246	2	False	 7 48 13 84
DHFR	11.078703165054321	9.840293884277344	0.5921052631578947	0.45773195876288664	2	False	 7 48 14 83
DHFR	11.187742710113525	9.813307762145996	0.5986842105263158	0.4652296157450796	2	False	 7 48 13 84
DHFR	11.568302631378174	9.834782361984253	0.6118421052631579	0.4672914714151828	3	False	 6 49 10 87
DHFR	11.63353443145752	9.860726833343506	0.6118421052631579	0.4672914714151828	3	False	 6 49 10 87
DHFR	11.616982221603394	9.669429302215576	0.625	0.4693533270852859	3	False	 6 49  8 89
DHFR	11.570775270462036	9.712188482284546	0.625	0.4693533270852859	3	False	 6 49  8 89
DHFR	11.607229948043823	9.964803695678711	0.5921052631578947	0.4742268041237113	3	False	 7 48 14 83
DHFR	12.091239929199219	9.864644289016724	0.5986842105263158	0.4942830365510778	4	False	 6 49 12 85
DHFR	12.03967571258545	9.768209457397461	0.5986842105263158	0.49259606373008435	4	False	 8 47 14 83
DHFR	12.03647518157959	9.719146728515625	0.5986842105263158	0.4942830365510778	4	False	 6 49 12 85
DHFR	12.007390975952148	9.722635746002197	0.5986842105263158	0.4942830365510778	4	False	 6 49 12 85
DHFR	12.019111156463623	9.704999923706055	0.6118421052631579	0.47797563261480785	4	False	 3 52  7 90
NCI1	174.9461591243744	18.345043897628784	0.5802919708029197	0.5956040377727125	2	False	250 157 188 227
NCI1	177.1638584136963	17.293033838272095	0.5900243309002433	0.6011840975696398	2	False	262 145 192 223
NCI1	174.93994140625	17.233003616333008	0.5912408759124088	0.602385956602824	2	False	263 144 192 223
NCI1	174.98668217658997	17.16822648048401	0.5900243309002433	0.6011840975696398	2	False	262 145 192 223
NCI1	174.73047733306885	17.079500436782837	0.5912408759124088	0.602385956602824	2	False	263 144 192 223
NCI1	176.69790410995483	17.484923601150513	0.597323600973236	0.6064237293152955	3	False	267 140 191 224
NCI1	178.97799587249756	17.33375334739685	0.5888077858880778	0.6067434356590983	3	False	266 141 197 218
NCI1	178.77931475639343	17.768718242645264	0.5851581508515815	0.5985938841360527	3	False	255 152 189 226
NCI1	176.70032334327698	18.500767469406128	0.5778588807785888	0.590225274562624	3	False	258 149 198 217
NCI1	178.46060180664062	17.244478225708008	0.5888077858880778	0.6067434356590983	3	False	266 141 197 218
NCI1	180.28873085975647	17.57620620727539	0.5924574209245742	0.6016991800124329	4	False	262 145 190 225
NCI1	180.35527920722961	17.54386043548584	0.5924574209245742	0.6016991800124329	4	False	262 145 190 225
NCI1	180.11280941963196	17.39712142944336	0.5912408759124088	0.6044640478375418	4	False	265 142 194 221
NCI1	179.88538813591003	17.407156467437744	0.5875912408759124	0.6040496136881679	4	False	265 142 197 218
NCI1	180.11600041389465	17.171103954315186	0.5875912408759124	0.6040496136881679	4	False	265 142 197 218
COX2	5.135618686676025	8.503761768341064	0.8085106382978723	0.5607017543859649	2	False	75  0 18  1
COX2	5.195972681045532	8.459453105926514	0.8085106382978723	0.5635087719298246	2	False	75  0 18  1
COX2	5.138374328613281	8.508379697799683	0.8085106382978723	0.5635087719298246	2	False	75  0 18  1
COX2	5.125650644302368	8.610592126846313	0.8085106382978723	0.5635087719298246	2	False	75  0 18  1
COX2	5.137936353683472	8.404321432113647	0.8085106382978723	0.5607017543859649	2	False	75  0 18  1
COX2	5.402442455291748	8.324938535690308	0.7978723404255319	0.6407017543859649	3	False	75  0 19  0
COX2	5.469322681427002	8.448914051055908	0.7978723404255319	0.6056140350877193	3	False	75  0 19  0
COX2	5.398885011672974	8.415028810501099	0.7978723404255319	0.6105263157894737	3	False	75  0 19  0
COX2	5.415316104888916	8.425801277160645	0.7978723404255319	0.6105263157894737	3	False	75  0 19  0
COX2	5.41056489944458	8.395772933959961	0.7978723404255319	0.64	3	False	75  0 19  0
COX2	5.7079808712005615	8.427058219909668	0.7978723404255319	0.6273684210526316	4	False	75  0 19  0
COX2	5.718085765838623	8.502024173736572	0.7978723404255319	0.6273684210526316	4	False	75  0 19  0
COX2	5.719135999679565	8.475160598754883	0.7978723404255319	0.6273684210526316	4	False	75  0 19  0
COX2	5.710322618484497	8.362723588943481	0.7978723404255319	0.6617543859649122	4	False	75  0 19  0
COX2	5.796448707580566	8.402429580688477	0.7978723404255319	0.6617543859649122	4	False	75  0 19  0
REDDIT-MULTI-5K	6042.333513021469	16.775152444839478	0.252	0.6070717041080481	2	False	89 56 36 15 19 76 55 39 14 11 58 35 36 19 47 52 25 32 26 62 61 33 34 24
 46
REDDIT-MULTI-5K	6036.466347932816	16.809922695159912	0.232	0.6100539477880197	2	False	 28 120  36   7  24  32 104  39   1  19  14  82  32   8  59   5  72  31
  11  78   3  91  34  13  57
REDDIT-MULTI-5K	6040.436783790588	16.63736343383789	0.232	0.6100539477880197	2	False	 28 120  36   7  24  32 104  39   1  19  14  82  32   8  59   5  72  31
  11  78   3  91  34  13  57
REDDIT-MULTI-5K	6032.151582956314	16.975451231002808	0.254	0.6065057793102608	2	False	87 58 36 15 19 74 58 38 14 11 56 36 37 19 47 52 25 32 26 62 60 34 34 24
 46
REDDIT-MULTI-5K	6048.514610290527	16.81954598426819	0.232	0.6100539477880197	2	False	 28 120  36   7  24  32 104  39   1  19  14  82  32   8  59   5  72  31
  11  78   3  91  34  13  57
REDDIT-MULTI-5K	6033.877127170563	16.67867660522461	0.235	0.6148289260928624	3	False	 58 101  21  14  21  57  77  31   8  22  34  63  30  21  47  26  54  35
  36  46  29  62  34  39  34
REDDIT-MULTI-5K	6024.728891849518	16.307857036590576	0.235	0.6139439590326721	3	False	 52 101  26  14  22  53  77  34   8  23  29  63  34  19  50  23  53  38
  36  47  26  62  35  39  36
REDDIT-MULTI-5K	6073.218199014664	16.99815034866333	0.236	0.6139483060922553	3	False	51 96 33 12 23 55 68 39 11 22 29 57 39 24 46 23 52 40 42 40 30 54 37 41
 36
REDDIT-MULTI-5K	6042.9303612709045	16.869632959365845	0.231	0.6131427436840405	3	False	48 98 34 12 23 55 66 41 11 22 26 59 39 24 47 21 52 42 42 40 29 55 38 40
 36
REDDIT-MULTI-5K	6034.678163528442	16.940853118896484	0.236	0.6139483060922553	3	False	51 96 33 12 23 55 68 39 11 22 29 57 39 24 46 23 52 40 42 40 30 54 37 41
 36
REDDIT-MULTI-5K	6073.468666315079	16.848926782608032	0.232	0.6160940382936374	4	False	47 95 37 13 23 54 68 41 14 18 40 50 37 23 45 18 51 34 42 52 31 53 33 43
 38
REDDIT-MULTI-5K	6039.635126590729	17.333898782730103	0.232	0.6160940382936374	4	False	47 95 37 13 23 54 68 41 14 18 40 50 37 23 45 18 51 34 42 52 31 53 33 43
 38
REDDIT-MULTI-5K	6075.5243220329285	17.09181547164917	0.232	0.6153817918165275	4	False	49 93 37 13 23 56 66 39 15 19 40 50 36 24 45 20 50 31 45 51 31 53 32 46
 36
REDDIT-MULTI-5K	6083.359131097794	16.94139003753662	0.232	0.6160940382936374	4	False	47 95 37 13 23 54 68 41 14 18 40 50 37 23 45 18 51 34 42 52 31 53 33 43
 38
REDDIT-MULTI-5K	6099.844455957413	17.026082515716553	0.232	0.6160940382936374	4	False	47 95 37 13 23 54 68 41 14 18 40 50 37 23 45 18 51 34 42 52 31 53 33 43
 38
REDDIT-MULTI-12K	23602.12488436699	25.493539810180664	0.23009220452640403	0.6019300582983543	2	False	  0   2   0   0   0   0   0  15   0 129   2   0   4   0   5   0   0   0
  12   0 192   1   1   1   0   3   0   0   0   7   0 147   4   0   1   0
  19   0   0   0   6   0 196   3   0   1   0   2   0   0   0  12   0  87
   0   0   0   0   6   0   0   0   7   0 196   7   0   3   0   7   1   0
   0   3   0 225  14   0   1   0   1   0   0   0  61   0 150   4   0   1
   0   7   0   0   0   1   0 103   4   0   4   0   8   0   0   1  49   0
 439  22   0   0   0   2   0   0   0   0   0 181  26
REDDIT-MULTI-12K	23614.456872224808	25.69235324859619	0.23009220452640403	0.6015946024042372	2	False	  0   2   0   0   0   0   0  15   0 129   2   0   4   0   5   0   0   0
  12   0 192   1   1   1   0   3   0   0   0   7   0 147   4   0   1   0
  18   0   0   0   6   0 197   3   0   1   0   2   0   0   0  12   0  87
   0   0   0   0   6   0   0   0   7   0 197   6   0   3   0   7   1   0
   0   2   0 227  13   0   1   0   1   0   0   0  61   0 150   4   0   1
   0   7   0   0   0   1   0 103   4   0   4   0   7   0   0   1  49   0
 440  22   0   0   0   2   0   0   0   0   0 181  26
REDDIT-MULTI-12K	23646.112205266953	25.63278341293335	0.23009220452640403	0.6015946024042372	2	False	  0   2   0   0   0   0   0  15   0 129   2   0   4   0   5   0   0   0
  12   0 192   1   1   1   0   3   0   0   0   7   0 147   4   0   1   0
  18   0   0   0   6   0 197   3   0   1   0   2   0   0   0  12   0  87
   0   0   0   0   6   0   0   0   7   0 197   6   0   3   0   7   1   0
   0   2   0 227  13   0   1   0   1   0   0   0  61   0 150   4   0   1
   0   7   0   0   0   1   0 103   4   0   4   0   7   0   0   1  49   0
 440  22   0   0   0   2   0   0   0   0   0 181  26
REDDIT-MULTI-12K	23846.087718725204	25.544358253479004	0.23009220452640403	0.6019300582983543	2	False	  0   2   0   0   0   0   0  15   0 129   2   0   4   0   5   0   0   0
  12   0 192   1   1   1   0   3   0   0   0   7   0 147   4   0   1   0
  19   0   0   0   6   0 196   3   0   1   0   2   0   0   0  12   0  87
   0   0   0   0   6   0   0   0   7   0 196   7   0   3   0   7   1   0
   0   3   0 225  14   0   1   0   1   0   0   0  61   0 150   4   0   1
   0   7   0   0   0   1   0 103   4   0   4   0   8   0   0   1  49   0
 439  22   0   0   0   2   0   0   0   0   0 181  26
REDDIT-MULTI-12K	23643.530601501465	25.600128173828125	0.23009220452640403	0.6019300582983543	2	False	  0   2   0   0   0   0   0  15   0 129   2   0   4   0   5   0   0   0
  12   0 192   1   1   1   0   3   0   0   0   7   0 147   4   0   1   0
  19   0   0   0   6   0 196   3   0   1   0   2   0   0   0  12   0  87
   0   0   0   0   6   0   0   0   7   0 196   7   0   3   0   7   1   0
   0   3   0 225  14   0   1   0   1   0   0   0  61   0 150   4   0   1
   0   7   0   0   0   1   0 103   4   0   4   0   8   0   0   1  49   0
 439  22   0   0   0   2   0   0   0   0   0 181  26
REDDIT-MULTI-12K	23667.510093688965	25.530240535736084	0.2275775356244761	0.6020980996053452	3	False	  0   2   0   0   0   0   0  15   0 130   1   1   3   0   8   0   0   0
  12   0 189   1   1   1   0   6   0   0   0   7   0 144   4   0   1   0
  21   0   0   0   6   0 195   2   0   1   0   2   0   0   0  11   0  87
   1   0   0   0   6   0   0   0   7   0 198   5   0   3   0   8   1   0
   0   3   0 223  15   0   1   0   2   0   0   0  60   0 150   4   1   0
   0   8   0   0   0   1   0 102   4   0   4   0  10   0   0   1  51   0
 432  25   0   0   0   5   0   0   1   0   0 176  27
REDDIT-MULTI-12K	23783.51059436798	25.942793130874634	0.2275775356244761	0.6020980996053452	3	False	  0   2   0   0   0   0   0  15   0 130   1   1   3   0   8   0   0   0
  12   0 189   1   1   1   0   6   0   0   0   7   0 144   4   0   1   0
  21   0   0   0   6   0 195   2   0   1   0   2   0   0   0  11   0  87
   1   0   0   0   6   0   0   0   7   0 198   5   0   3   0   8   1   0
   0   3   0 223  15   0   1   0   2   0   0   0  60   0 150   4   1   0
   0   8   0   0   0   1   0 102   4   0   4   0  10   0   0   1  51   0
 432  25   0   0   0   5   0   0   1   0   0 176  27
REDDIT-MULTI-12K	23660.632326602936	25.449654817581177	0.22715842414082146	0.6023074316434205	3	False	  0   2   0   0   0   0   0  15   0 130   1   1   3   0   9   0   0   0
  12   0 188   1   1   1   0   6   0   0   0   7   0 144   4   0   1   0
  21   0   0   0   6   0 195   2   0   1   0   2   0   0   0  11   0  87
   1   0   0   0   7   0   0   0   7   0 197   5   0   3   0  11   1   0
   0   3   0 220  15   0   1   0   2   0   0   0  60   0 150   4   1   0
   0   8   0   0   0   1   0 102   4   0   4   0  11   0   0   0  51   0
 431  26   0   0   0   6   0   0   1   0   0 175  27
REDDIT-MULTI-12K	23743.042798280716	25.670076370239258	0.22715842414082146	0.6023074316434205	3	False	  0   2   0   0   0   0   0  15   0 130   1   1   3   0   9   0   0   0
  12   0 188   1   1   1   0   6   0   0   0   7   0 144   4   0   1   0
  21   0   0   0   6   0 195   2   0   1   0   2   0   0   0  11   0  87
   1   0   0   0   7   0   0   0   7   0 197   5   0   3   0  11   1   0
   0   3   0 220  15   0   1   0   2   0   0   0  60   0 150   4   1   0
   0   8   0   0   0   1   0 102   4   0   4   0  11   0   0   0  51   0
 431  26   0   0   0   6   0   0   1   0   0 175  27
REDDIT-MULTI-12K	23709.321574926376	25.94614028930664	0.2275775356244761	0.6020980996053452	3	False	  0   2   0   0   0   0   0  15   0 130   1   1   3   0   8   0   0   0
  12   0 189   1   1   1   0   6   0   0   0   7   0 144   4   0   1   0
  21   0   0   0   6   0 195   2   0   1   0   2   0   0   0  11   0  87
   1   0   0   0   6   0   0   0   7   0 198   5   0   3   0   8   1   0
   0   3   0 223  15   0   1   0   2   0   0   0  60   0 150   4   1   0
   0   8   0   0   0   1   0 102   4   0   4   0  10   0   0   1  51   0
 432  25   0   0   0   5   0   0   1   0   0 176  27
REDDIT-MULTI-12K	23728.755254507065	25.879457712173462	0.2292539815590947	0.606803513053371	4	False	  0   2   0   0   0   0   0  14   0 131   1   1   3   0   8   0   0   0
  12   0 188   2   1   1   0   6   0   0   0   6   0 145   4   0   1   0
  21   0   0   0   6   0 196   1   0   1   0   2   0   0   0  11   0  88
   0   0   0   0   7   0   0   1   7   0 196   5   0   3   0  10   1   0
   0   3   0 223  13   0   1   0   2   0   0   0  61   0 149   4   1   0
   0   7   0   0   0   2   0 102   4   0   4   0  11   0   0   1  49   0
 433  25   0   0   0   6   0   0   3   0   0 171  29
REDDIT-MULTI-12K	23750.365116596222	25.531346321105957	0.2292539815590947	0.606803513053371	4	False	  0   2   0   0   0   0   0  14   0 131   1   1   3   0   8   0   0   0
  12   0 188   2   1   1   0   6   0   0   0   6   0 145   4   0   1   0
  21   0   0   0   6   0 196   1   0   1   0   2   0   0   0  11   0  88
   0   0   0   0   7   0   0   1   7   0 196   5   0   3   0  10   1   0
   0   3   0 223  13   0   1   0   2   0   0   0  61   0 149   4   1   0
   0   7   0   0   0   2   0 102   4   0   4   0  11   0   0   1  49   0
 433  25   0   0   0   6   0   0   3   0   0 171  29
REDDIT-MULTI-12K	24003.317210435867	26.97531247138977	0.23134953897736799	0.601828879704968	4	False	  0   3   0   1   0   0   0  12   0 131   1   1   6   0   5   1   0   0
  11   0 188   2   1   1   0   3   1   0   0   5   0 148   4   0   1   0
  17   2   0   1   6   0 195   3   0   1   0   1   1   0   1  11   0  87
   0   0   1   0   6   0   0   1   6   0 197   5   0   3   0   5   2   0
   2   3   0 223  15   0   1   0   1   0   0   0  57   1 154   3   1   1
   0   8   0   0   0   1   0 101   4   0   4   0   7   0   0   5  46   0
 440  21   0   0   0   2   0   0   6   0   0 172  29
REDDIT-MULTI-12K	23729.790241003036	27.218043327331543	0.23134953897736799	0.601828879704968	4	False	  0   3   0   1   0   0   0  12   0 131   1   1   6   0   5   1   0   0
  11   0 188   2   1   1   0   3   1   0   0   5   0 148   4   0   1   0
  17   2   0   1   6   0 195   3   0   1   0   1   1   0   1  11   0  87
   0   0   1   0   6   0   0   1   6   0 197   5   0   3   0   5   2   0
   2   3   0 223  15   0   1   0   1   0   0   0  57   1 154   3   1   1
   0   8   0   0   0   1   0 101   4   0   4   0   7   0   0   5  46   0
 440  21   0   0   0   2   0   0   6   0   0 172  29
