ENZYMES	4.7333152294158936	7.8401219844818115	0.15833333333333333	0.5334311584625273	1	3	 1  0  6  3  4  8  0  0  9  6  5  2  0  0  6  1  1 12  1  1  3  6  0  7
  1  0  9  2  3  9  0  0  4  6  1  3
ENZYMES	4.699767589569092	6.596211194992065	0.15833333333333333	0.5342292202713069	1	3	 1  0  6  3  4  8  0  0  9  6  5  2  0  0  6  1  1 12  1  1  3  6  0  7
  1  0  9  2  3  9  0  0  4  6  1  3
ENZYMES	4.698719024658203	6.598136901855469	0.15833333333333333	0.5334311584625273	1	3	 1  0  6  3  4  8  0  0  9  6  5  2  0  0  6  1  1 12  1  1  3  6  0  7
  1  0  9  2  3  9  0  0  4  6  1  3
ENZYMES	4.685900449752808	6.645748138427734	0.15833333333333333	0.5342292202713069	1	3	 1  0  6  3  4  8  0  0  9  6  5  2  0  0  6  1  1 12  1  1  3  6  0  7
  1  0  9  2  3  9  0  0  4  6  1  3
ENZYMES	4.678028583526611	6.688516616821289	0.15833333333333333	0.5334311584625273	1	3	 1  0  6  3  4  8  0  0  9  6  5  2  0  0  6  1  1 12  1  1  3  6  0  7
  1  0  9  2  3  9  0  0  4  6  1  3
ENZYMES	4.715118646621704	6.75451922416687	0.21666666666666667	0.5647719721443069	1	5	2 4 5 3 2 6 0 7 5 6 3 1 0 6 6 1 1 6 0 5 4 7 0 2 1 3 9 2 2 7 0 3 3 5 1 2
ENZYMES	4.700524568557739	6.685967445373535	0.21666666666666667	0.5541362324875635	1	5	 1  5  4  3  4  5  0  6  3  6  5  2  2  6  6  1  0  5  0  4  4  7  0  3
  1  2 10  2  4  5  0  2  3  6  1  2
ENZYMES	4.699441909790039	6.856628656387329	0.21666666666666667	0.5647719721443069	1	5	2 4 5 3 2 6 0 7 5 6 3 1 0 6 6 1 1 6 0 5 4 7 0 2 1 3 9 2 2 7 0 3 3 5 1 2
ENZYMES	4.700005531311035	6.587679386138916	0.21666666666666667	0.5541362324875635	1	5	 1  5  4  3  4  5  0  6  3  6  5  2  2  6  6  1  0  5  0  4  4  7  0  3
  1  2 10  2  4  5  0  2  3  6  1  2
ENZYMES	4.69553279876709	6.601480007171631	0.20833333333333334	0.5543401375940122	1	5	 1  5  4  3  4  5  0  6  3  6  5  2  2  6  6  1  0  5  1  4  4  7  0  2
  2  2 10  2  4  4  1  2  3  6  1  1
ENZYMES	4.737001180648804	6.541970491409302	0.19166666666666668	0.5547117927915718	1	10	 1  3  5  3  1  9  0  4  3  6  4  5  0  4  5  1  1  9  2  3  1  6  1  5
  2  2  2  2  2 14  0  2  1  6  0  5
ENZYMES	4.724112272262573	6.613739490509033	0.2	0.5540996973492799	1	10	 4  2  5  3  1  7  3  3  3  6  4  3  2  3  5  1  1  8  2  3  1  6  1  5
  4  2  2  2  3 11  1  1  1  7  1  3
ENZYMES	4.732837915420532	6.540068864822388	0.19166666666666668	0.5547117927915718	1	10	 1  3  5  3  1  9  0  4  3  6  4  5  0  4  5  1  1  9  2  3  1  6  1  5
  2  2  2  2  2 14  0  2  1  6  0  5
ENZYMES	4.7360780239105225	6.561408996582031	0.19166666666666668	0.5547117927915718	1	10	 1  3  5  3  1  9  0  4  3  6  4  5  0  4  5  1  1  9  2  3  1  6  1  5
  2  2  2  2  2 14  0  2  1  6  0  5
ENZYMES	4.730501890182495	6.580754041671753	0.18333333333333332	0.5542565421451997	1	10	 1  3  5  3  1  9  0  4  3  6  4  5  0  5  5  1  1  8  2  3  0  6  1  6
  2  2  3  2  2 13  0  2  2  6  0  4
ENZYMES	4.795264959335327	6.780029773712158	0.19166666666666668	0.5703053229482982	1	20	1 0 9 6 0 6 1 5 4 8 1 3 2 3 5 3 2 5 0 4 1 7 1 5 4 4 4 4 1 7 0 2 2 6 0 4
ENZYMES	4.792740821838379	6.804151296615601	0.19166666666666668	0.5703053229482982	1	20	1 0 9 6 0 6 1 5 4 8 1 3 2 3 5 3 2 5 0 4 1 7 1 5 4 4 4 4 1 7 0 2 2 6 0 4
ENZYMES	4.8085410594940186	6.921116352081299	0.19166666666666668	0.5697872827852315	1	20	 1  0 10  5  0  6  1  5  4  8  1  3  2  3  5  3  1  6  0  4  1  7  1  5
  4  3  4  4  1  8  0  1  2  7  0  4
ENZYMES	4.791236162185669	6.751089811325073	0.19166666666666668	0.5703053229482982	1	20	1 0 9 6 0 6 1 5 4 8 1 3 2 3 5 3 2 5 0 4 1 7 1 5 4 4 4 4 1 7 0 2 2 6 0 4
ENZYMES	4.786957502365112	6.7399256229400635	0.19166666666666668	0.5697872827852315	1	20	 1  0 10  5  0  6  1  5  4  8  1  3  2  3  5  3  1  6  0  4  1  7  1  5
  4  3  4  4  1  8  0  1  2  7  0  4
ENZYMES	4.980377435684204	6.680737733840942	0.25833333333333336	0.6093191872792093	1	50	6 1 7 5 1 2 1 4 5 8 1 3 2 2 5 4 1 6 2 1 1 8 1 5 3 1 6 5 4 5 1 0 2 6 1 4
ENZYMES	4.991065979003906	6.846081495285034	0.225	0.5864898232365655	1	50	4 1 5 5 3 4 1 3 6 8 0 4 2 1 4 4 0 9 2 1 1 9 0 5 2 2 6 5 3 6 1 1 2 6 0 4
ENZYMES	4.973228931427002	6.7739410400390625	0.25833333333333336	0.6093668015521515	1	50	6 1 6 5 2 2 1 4 5 8 1 3 2 2 5 4 1 6 2 1 2 8 1 4 3 1 6 5 4 5 1 0 2 6 1 4
ENZYMES	5.000376462936401	6.899108648300171	0.21666666666666667	0.5953526606091423	1	50	5 1 6 4 2 4 1 3 5 8 2 3 0 2 4 5 0 9 2 1 1 8 1 5 4 1 6 5 2 6 1 1 2 6 0 4
ENZYMES	4.996031284332275	6.955250024795532	0.21666666666666667	0.5953526606091423	1	50	5 1 6 4 2 4 1 3 5 8 2 3 0 2 4 5 0 9 2 1 1 8 1 5 4 1 6 5 2 6 1 1 2 6 0 4
BZR	2.78606915473938	6.47567081451416	0.7901234567901234	0.6258196721311475	1	3	60  1 16  4
BZR	2.7852115631103516	6.448243856430054	0.7901234567901234	0.6258196721311475	1	3	60  1 16  4
BZR	2.7860493659973145	6.438714981079102	0.7901234567901234	0.6258196721311475	1	3	60  1 16  4
BZR	2.782149076461792	6.484676837921143	0.7901234567901234	0.6258196721311475	1	3	60  1 16  4
BZR	2.78395938873291	6.529165983200073	0.7901234567901234	0.6258196721311475	1	3	60  1 16  4
BZR	2.823932409286499	6.37872838973999	0.8024691358024691	0.5577868852459016	1	5	60  1 15  5
BZR	2.787782907485962	6.3795859813690186	0.8024691358024691	0.5577868852459016	1	5	60  1 15  5
BZR	2.7856733798980713	6.384661436080933	0.8024691358024691	0.5577868852459016	1	5	60  1 15  5
BZR	2.7831649780273438	6.457159757614136	0.8024691358024691	0.5577868852459016	1	5	60  1 15  5
BZR	2.7873575687408447	6.319166421890259	0.8024691358024691	0.5577868852459016	1	5	60  1 15  5
BZR	2.810112237930298	6.535328149795532	0.8148148148148148	0.6303278688524591	1	10	60  1 14  6
BZR	2.802250385284424	6.594199180603027	0.8148148148148148	0.6303278688524591	1	10	60  1 14  6
BZR	2.8055038452148438	6.5177741050720215	0.8148148148148148	0.6303278688524591	1	10	60  1 14  6
BZR	2.813133955001831	6.54572057723999	0.8148148148148148	0.6303278688524591	1	10	60  1 14  6
BZR	2.803914785385132	6.473813056945801	0.8024691358024691	0.6204918032786886	1	10	60  1 15  5
BZR	2.855673313140869	6.541657209396362	0.8024691358024691	0.6811475409836066	1	20	61  0 16  4
BZR	2.852510452270508	6.582706928253174	0.8024691358024691	0.6811475409836066	1	20	61  0 16  4
BZR	2.8567843437194824	6.542453289031982	0.8148148148148148	0.6819672131147541	1	20	61  0 15  5
BZR	2.855722665786743	6.7382285594940186	0.8148148148148148	0.6819672131147542	1	20	61  0 15  5
BZR	2.8621461391448975	6.555930852890015	0.8024691358024691	0.6901639344262296	1	20	61  0 16  4
BZR	2.988394021987915	6.614685773849487	0.7901234567901234	0.7295081967213114	1	50	60  1 16  4
BZR	2.980971574783325	6.499803066253662	0.7901234567901234	0.7172131147540983	1	50	60  1 16  4
BZR	2.990260601043701	6.534026622772217	0.7901234567901234	0.7295081967213114	1	50	60  1 16  4
BZR	2.986992120742798	6.715022325515747	0.7901234567901234	0.7172131147540984	1	50	60  1 16  4
BZR	2.9827699661254883	6.657554388046265	0.7901234567901234	0.7385245901639345	1	50	60  1 16  4
MUTAG	0.6362223625183105	6.353911876678467	0.8421052631578947	0.9107692307692308	1	3	11  2  4 21
MUTAG	0.6356236934661865	6.340744495391846	0.8421052631578947	0.9015384615384615	1	3	11  2  4 21
MUTAG	0.637139081954956	6.2851881980896	0.8421052631578947	0.9015384615384615	1	3	11  2  4 21
MUTAG	0.6373765468597412	6.28036642074585	0.8421052631578947	0.9107692307692308	1	3	11  2  4 21
MUTAG	0.63649582862854	6.441374063491821	0.8421052631578947	0.9015384615384615	1	3	11  2  4 21
MUTAG	0.6393101215362549	6.315870523452759	0.8421052631578947	0.9076923076923077	1	5	11  2  4 21
MUTAG	0.6397054195404053	6.358036041259766	0.8421052631578947	0.9046153846153846	1	5	11  2  4 21
MUTAG	0.6388375759124756	6.386257171630859	0.8421052631578947	0.9046153846153846	1	5	11  2  4 21
MUTAG	0.6396133899688721	6.373000383377075	0.8421052631578947	0.9046153846153846	1	5	11  2  4 21
MUTAG	0.6386051177978516	6.323688507080078	0.8421052631578947	0.9046153846153846	1	5	11  2  4 21
MUTAG	0.6449899673461914	6.482550621032715	0.868421052631579	0.9061538461538461	1	10	11  2  3 22
MUTAG	0.6446840763092041	6.261906147003174	0.8157894736842105	0.9123076923076923	1	10	11  2  5 20
MUTAG	0.6441349983215332	6.391587257385254	0.868421052631579	0.9061538461538461	1	10	11  2  3 22
MUTAG	0.6460785865783691	6.50149941444397	0.868421052631579	0.9061538461538461	1	10	11  2  3 22
MUTAG	0.6446967124938965	6.162433862686157	0.8157894736842105	0.9123076923076923	1	10	11  2  5 20
MUTAG	0.6568927764892578	6.424325227737427	0.8421052631578947	0.9076923076923077	1	20	11  2  4 21
MUTAG	0.657991886138916	6.476937294006348	0.8421052631578947	0.9076923076923077	1	20	11  2  4 21
MUTAG	0.6581964492797852	6.538729429244995	0.8421052631578947	0.9076923076923077	1	20	11  2  4 21
MUTAG	0.65877366065979	6.421478748321533	0.8421052631578947	0.9138461538461538	1	20	10  3  3 22
MUTAG	0.6583502292633057	6.435562372207642	0.8421052631578947	0.9076923076923077	1	20	11  2  4 21
MUTAG	0.6947569847106934	6.562042474746704	0.868421052631579	0.8907692307692309	1	50	10  3  2 23
MUTAG	0.6978545188903809	6.608249187469482	0.868421052631579	0.8907692307692309	1	50	10  3  2 23
MUTAG	0.6950745582580566	6.527995347976685	0.868421052631579	0.8907692307692309	1	50	10  3  2 23
MUTAG	0.6965441703796387	6.5228424072265625	0.868421052631579	0.8907692307692309	1	50	10  3  2 23
MUTAG	0.6968963146209717	6.578967571258545	0.868421052631579	0.8907692307692309	1	50	10  3  2 23
PROTEINS	14.862921714782715	7.048032283782959	0.7623318385650224	0.7706643002028398	1	3	124  12  41  46
PROTEINS	14.888923406600952	7.320770263671875	0.7623318385650224	0.8003718728870859	1	3	124  12  41  46
PROTEINS	14.83913254737854	7.261045932769775	0.757847533632287	0.7894692359702501	1	3	123  13  41  46
PROTEINS	14.846259117126465	7.163623332977295	0.7623318385650224	0.7706643002028398	1	3	124  12  41  46
PROTEINS	14.838595628738403	7.037700653076172	0.7623318385650224	0.7706643002028398	1	3	124  12  41  46
PROTEINS	14.850494623184204	7.220486164093018	0.757847533632287	0.795765720081136	1	5	124  12  42  45
PROTEINS	14.780651569366455	7.229472398757935	0.757847533632287	0.7970334685598378	1	5	124  12  42  45
PROTEINS	14.826479434967041	7.2868874073028564	0.757847533632287	0.795765720081136	1	5	124  12  42  45
PROTEINS	14.880873441696167	7.315755844116211	0.757847533632287	0.7970334685598378	1	5	124  12  42  45
PROTEINS	14.876282453536987	7.167352676391602	0.757847533632287	0.7970334685598378	1	5	124  12  42  45
PROTEINS	14.867594718933105	7.123930215835571	0.7623318385650224	0.7851166328600406	1	10	123  13  40  47
PROTEINS	14.898772716522217	7.1802449226379395	0.7623318385650224	0.7858350236646383	1	10	123  13  40  47
PROTEINS	14.900044679641724	7.274334907531738	0.7623318385650224	0.8057809330628803	1	10	123  13  40  47
PROTEINS	14.952850580215454	7.21673321723938	0.7623318385650224	0.8057809330628803	1	10	123  13  40  47
PROTEINS	14.907051086425781	7.300080060958862	0.7623318385650224	0.8030341446923597	1	10	123  13  40  47
PROTEINS	15.02106499671936	7.398100852966309	0.7668161434977578	0.79631507775524	1	20	125  11  41  46
PROTEINS	15.036150217056274	7.27155327796936	0.7668161434977578	0.7967799188640974	1	20	125  11  41  46
PROTEINS	15.032343864440918	7.446444272994995	0.7668161434977578	0.7967799188640974	1	20	125  11  41  46
PROTEINS	15.031678199768066	7.421203374862671	0.7668161434977578	0.79631507775524	1	20	125  11  41  46
PROTEINS	15.030355215072632	7.427156925201416	0.7668161434977578	0.7967799188640974	1	20	125  11  41  46
PROTEINS	15.424772262573242	7.454280614852905	0.7802690582959642	0.8013860716700473	1	50	126  10  39  48
PROTEINS	15.454139471054077	7.6116859912872314	0.7802690582959642	0.8012592968221771	1	50	126  10  39  48
PROTEINS	15.442104578018188	7.600027322769165	0.7802690582959642	0.8013860716700473	1	50	126  10  39  48
PROTEINS	15.438895225524902	7.571650743484497	0.7802690582959642	0.8042596348884381	1	50	126  10  39  48
PROTEINS	15.45078706741333	7.482241153717041	0.7802690582959642	0.7992731575388776	1	50	126  10  39  48
DHFR	8.103129148483276	6.976969480514526	0.5921052631578947	0.6309043020193152	1	3	19 48 14 71
DHFR	8.09031081199646	6.90433669090271	0.5921052631578947	0.6309043020193152	1	3	19 48 14 71
DHFR	8.099929094314575	6.930922985076904	0.5921052631578947	0.6319578577699737	1	3	19 48 14 71
DHFR	8.054195404052734	6.933316707611084	0.5921052631578947	0.6319578577699737	1	3	19 48 14 71
DHFR	8.072805643081665	6.901586055755615	0.5921052631578947	0.6319578577699737	1	3	19 48 14 71
DHFR	8.083651781082153	6.960515737533569	0.5855263157894737	0.6400351185250219	1	5	20 47 16 69
DHFR	8.123398542404175	7.05635929107666	0.5855263157894737	0.6377524143985953	1	5	20 47 16 69
DHFR	8.096134424209595	6.9217448234558105	0.5855263157894737	0.6400351185250219	1	5	20 47 16 69
DHFR	8.075437307357788	6.931928634643555	0.5855263157894737	0.6377524143985953	1	5	20 47 16 69
DHFR	8.104652166366577	6.942011117935181	0.5855263157894737	0.6400351185250219	1	5	20 47 16 69
DHFR	8.140819311141968	6.819498538970947	0.5855263157894737	0.6180860403863038	1	10	17 50 13 72
DHFR	8.140839576721191	7.023589134216309	0.5986842105263158	0.6446883230904301	1	10	20 47 14 71
DHFR	8.153471231460571	6.855098247528076	0.5855263157894737	0.6180860403863038	1	10	17 50 13 72
DHFR	8.128486394882202	6.9451072216033936	0.5855263157894737	0.6180860403863038	1	10	17 50 13 72
DHFR	8.145670890808105	6.941406488418579	0.5986842105263158	0.6446883230904301	1	10	20 47 14 71
DHFR	8.248632907867432	7.023420572280884	0.5855263157894737	0.6345039508340651	1	20	13 54  9 76
DHFR	8.234483480453491	6.985595464706421	0.5855263157894737	0.6539947322212467	1	20	10 57  6 79
DHFR	8.213459014892578	7.132766246795654	0.5723684210526315	0.6336259877085162	1	20	13 54 11 74
DHFR	8.250452041625977	7.1933043003082275	0.5723684210526315	0.6336259877085162	1	20	13 54 11 74
DHFR	8.30133605003357	7.018344163894653	0.5855263157894737	0.6345039508340651	1	20	13 54  9 76
DHFR	8.476256608963013	6.900451183319092	0.618421052631579	0.7424934152765584	1	50	10 57  1 84
DHFR	8.488489389419556	7.24444317817688	0.631578947368421	0.7403863037752414	1	50	15 52  4 81
DHFR	8.49678111076355	7.163973331451416	0.6052631578947368	0.7374012291483758	1	50	14 53  7 78
DHFR	8.517164468765259	7.041966915130615	0.631578947368421	0.7403863037752414	1	50	15 52  4 81
DHFR	8.479202032089233	7.210349798202515	0.631578947368421	0.7403863037752414	1	50	15 52  4 81
NCI1	97.24157977104187	8.817424774169922	0.6447688564476886	0.6900518595347459	1	3	315 110 182 215
NCI1	97.72819399833679	8.776773691177368	0.6447688564476886	0.6900340791228331	1	3	315 110 182 215
NCI1	97.87844133377075	8.824501037597656	0.6447688564476886	0.6900340791228331	1	3	315 110 182 215
NCI1	98.0208888053894	8.852140188217163	0.6447688564476886	0.6900340791228331	1	3	315 110 182 215
NCI1	98.32122802734375	8.721870422363281	0.6447688564476886	0.6900340791228331	1	3	315 110 182 215
NCI1	97.85027503967285	8.881932258605957	0.6435523114355232	0.6912520373388651	1	5	315 110 183 214
NCI1	97.7234354019165	8.825716972351074	0.6435523114355232	0.6912520373388651	1	5	315 110 183 214
NCI1	97.89014911651611	8.84755563735962	0.6435523114355232	0.6913468662024004	1	5	315 110 183 214
NCI1	97.24504780769348	8.93111777305603	0.6435523114355232	0.6913468662024004	1	5	315 110 183 214
NCI1	98.02486944198608	8.875742435455322	0.6435523114355232	0.6913468662024004	1	5	315 110 183 214
NCI1	97.93621397018433	8.883976221084595	0.6605839416058394	0.6908786486886945	1	10	355  70 209 188
NCI1	97.8847930431366	8.797871351242065	0.6605839416058394	0.6906297229219145	1	10	355  70 209 188
NCI1	97.94649863243103	9.100425958633423	0.648418491484185	0.6907156615794932	1	10	343  82 207 190
NCI1	97.92519426345825	8.891810417175293	0.648418491484185	0.6902474440657875	1	10	345  80 209 188
NCI1	97.84309363365173	8.981122255325317	0.648418491484185	0.6902474440657875	1	10	345  80 209 188
NCI1	98.01499724388123	9.103843212127686	0.6581508515815085	0.6918121203141205	1	20	344  81 200 197
NCI1	98.20352101325989	9.12841272354126	0.6593673965936739	0.6917528522744111	1	20	345  80 200 197
NCI1	98.33120942115784	9.063169002532959	0.6581508515815085	0.6918121203141205	1	20	344  81 200 197
NCI1	98.21092772483826	9.159792423248291	0.6593673965936739	0.6917528522744111	1	20	345  80 200 197
NCI1	98.21918416023254	9.142336368560791	0.6593673965936739	0.6917528522744111	1	20	345  80 200 197
NCI1	99.90770268440247	9.765706062316895	0.6399026763990268	0.6950363016743222	1	50	324 101 195 202
NCI1	98.60372185707092	9.717715740203857	0.6313868613138686	0.6958156763965032	1	50	316 109 194 203
NCI1	99.19240689277649	9.729783535003662	0.6386861313868614	0.6946836568380501	1	50	324 101 196 201
NCI1	99.12616610527039	9.688591480255127	0.6386861313868614	0.6946836568380501	1	50	324 101 196 201
NCI1	99.20404362678528	9.619831800460815	0.6313868613138686	0.6958156763965032	1	50	316 109 194 203
COX2	4.147796869277954	6.169908285140991	0.8191489361702128	0.5236822001527883	1	3	77  0 17  0
COX2	4.136514186859131	6.338857889175415	0.8191489361702128	0.5236822001527883	1	3	77  0 17  0
COX2	4.140268802642822	6.334524154663086	0.8191489361702128	0.524446142093201	1	3	77  0 17  0
COX2	4.144335985183716	6.269441604614258	0.8191489361702128	0.524446142093201	1	3	77  0 17  0
COX2	4.151901721954346	6.312786340713501	0.8191489361702128	0.5236822001527883	1	3	77  0 17  0
COX2	4.148690938949585	6.505475044250488	0.8191489361702128	0.5248281130634072	1	5	77  0 17  0
COX2	4.149949073791504	6.348678350448608	0.8191489361702128	0.5252100840336134	1	5	77  0 17  0
COX2	4.1442344188690186	6.482868909835815	0.8191489361702128	0.5248281130634072	1	5	77  0 17  0
COX2	4.158426284790039	6.335575342178345	0.8191489361702128	0.5252100840336134	1	5	77  0 17  0
COX2	4.1556923389434814	6.222794532775879	0.8191489361702128	0.5252100840336134	1	5	77  0 17  0
COX2	4.163829326629639	6.354585409164429	0.8191489361702128	0.5168067226890756	1	10	77  0 17  0
COX2	4.1776697635650635	6.319582462310791	0.8191489361702128	0.5168067226890756	1	10	77  0 17  0
COX2	4.186930179595947	6.3471999168396	0.8191489361702128	0.5168067226890756	1	10	77  0 17  0
COX2	4.173956871032715	6.373601675033569	0.8191489361702128	0.5168067226890756	1	10	77  0 17  0
COX2	4.183626651763916	6.491731882095337	0.7872340425531915	0.5179526355996944	1	10	74  3 17  0
COX2	4.270294427871704	6.534757852554321	0.8191489361702128	0.47249809014514893	1	20	77  0 17  0
COX2	4.231008529663086	6.611387252807617	0.8191489361702128	0.47249809014514893	1	20	77  0 17  0
COX2	4.232090473175049	6.568292856216431	0.8191489361702128	0.4709702062643239	1	20	77  0 17  0
COX2	4.237348556518555	6.554291248321533	0.8191489361702128	0.47249809014514893	1	20	77  0 17  0
COX2	4.231665849685669	6.582003116607666	0.8191489361702128	0.47249809014514893	1	20	77  0 17  0
COX2	4.3913304805755615	6.620390892028809	0.8191489361702128	0.6852559205500383	1	50	77  0 17  0
COX2	4.401775121688843	6.640782356262207	0.8191489361702128	0.6852559205500381	1	50	77  0 17  0
COX2	4.400823354721069	6.577207326889038	0.8191489361702128	0.6852559205500381	1	50	77  0 17  0
COX2	4.384544610977173	6.662610769271851	0.8191489361702128	0.6852559205500383	1	50	77  0 17  0
COX2	4.382189750671387	6.583047866821289	0.8191489361702128	0.6852559205500381	1	50	77  0 17  0
REDDIT-MULTI-5K	3047.8659467697144	13.065391063690186	0.393	0.7588416244951038	1	3	122  48  16   0   8  90  75  22   4  17  31  45  35  27  69   4  16  15
 103  79   8  18  18  72  58
REDDIT-MULTI-5K	3050.490610599518	12.17825698852539	0.388	0.7557186273601967	1	3	106  64  16   0   8  85  81  19   6  17  27  50  33  45  52   3  17  16
 119  62   8  18  18  81  49
REDDIT-MULTI-5K	3042.782054424286	12.057530403137207	0.386	0.7584808628181918	1	3	120  50  16   0   8  95  73  19   3  18  32  45  33  27  70   4  16  16
 102  79   9  17  18  72  58
REDDIT-MULTI-5K	3074.7028999328613	11.950482368469238	0.39	0.7572181032146826	1	3	124  46  16   0   8  94  72  22   4  16  25  53  33  27  69   3  17  15
 103  79   8  18  18  72  58
REDDIT-MULTI-5K	3053.19225525856	12.080814599990845	0.391	0.7585652836841135	1	3	119  51  16   0   8  91  77  20   3  17  30  47  34  27  69   4  16  15
 103  79   8  18  18  72  58
REDDIT-MULTI-5K	3042.3411140441895	12.227499723434448	0.401	0.768085703848415	1	5	108  58  20   1   7  75  81  31   5  16  24  44  42  26  71   3  15  13
 106  80   6  13  25  66  64
REDDIT-MULTI-5K	3050.0062317848206	12.10434341430664	0.404	0.7683508925702249	1	5	113  56  17   1   7  79  82  27   5  15  28  43  39  26  71   2  14  15
 106  80   7  14  23  66  64
REDDIT-MULTI-5K	3049.7231738567352	11.96159553527832	0.397	0.7677655452511345	1	5	112  55  19   1   7  79  80  26   5  18  29  45  36  26  71   3  16  13
 105  80   8  16  20  66  64
REDDIT-MULTI-5K	3050.1278965473175	12.024510860443115	0.409	0.7686702333289694	1	5	113  57  16   1   7  78  88  23   3  16  28  47  36  26  70   3  16  12
 105  81   8  18  18  63  67
REDDIT-MULTI-5K	3047.266073703766	12.101844549179077	0.402	0.767601801355113	1	5	110  56  20   1   7  76  81  29   5  17  28  40  42  26  71   3  14  15
 105  80   7  12  25  66  64
REDDIT-MULTI-5K	3048.3247351646423	12.283659934997559	0.409	0.7763878373199978	1	10	119  48  16   2   9  82  78  22  14  12  30  42  30  30  75   3  16  12
 108  78   7  13  22  58  74
REDDIT-MULTI-5K	3061.7209057807922	11.940494537353516	0.415	0.7766259447777133	1	10	121  46  16   2   9  83  80  19  14  12  36  35  31  32  73   5  15  10
 111  76   8  13  21  60  72
REDDIT-MULTI-5K	3067.315566778183	11.84283971786499	0.413	0.7756436772529709	1	10	122  45  16   2   9  83  79  20  14  12  36  36  26  35  74   6  14   9
 113  75   8  13  20  60  73
REDDIT-MULTI-5K	3068.901017189026	12.144244194030762	0.414	0.7755651315026778	1	10	121  46  16   2   9  81  78  25  12  12  33  40  31  31  72   5  15  11
 109  77   8  11  23  57  75
REDDIT-MULTI-5K	3075.416387796402	11.898759841918945	0.413	0.7766001783653749	1	10	122  44  17   2   9  81  78  25  11  13  37  35  30  32  73   6  13  12
 111  75   9   9  24  60  72
REDDIT-MULTI-5K	3138.2149271965027	12.700419902801514	0.431	0.7781707340796024	1	20	128  39  16   1  10  84  71  21  16  16  45  23  36  32  71   5  11  17
 117  67  14   6  25  50  79
REDDIT-MULTI-5K	3068.81520152092	12.09293270111084	0.419	0.7765183312929933	1	20	130  38  15   1  10  90  71  14  15  18  50  24  25  33  75   8  11   9
 118  71  14   7  23  55  75
REDDIT-MULTI-5K	3056.566397666931	12.08806848526001	0.43	0.7781315580978753	1	20	126  40  17   1  10  86  69  20  17  16  45  21  37  35  69   5  12  15
 118  67  14   6  24  50  80
REDDIT-MULTI-5K	3056.4571418762207	12.083974838256836	0.43	0.7780003343653717	1	20	128  39  16   1  10  88  70  17  17  16  48  22  33  36  68   5  12  17
 119  64  14   6  24  50  80
REDDIT-MULTI-5K	3056.5722308158875	12.274153232574463	0.431	0.7781307725335	1	20	127  39  17   1  10  87  70  18  17  16  44  23  36  34  70   5  12  15
 118  67  14   6  24  50  80
REDDIT-MULTI-5K	3108.340088367462	13.37346601486206	0.426	0.7786825713421565	1	50	127  42  15   1   9  78  85  17  13  15  47  25  32  32  71   7  12  13
 110  75  15   7  24  56  72
REDDIT-MULTI-5K	3072.276945590973	13.415769338607788	0.43	0.7779310743638294	1	50	128  40  16   1   9  71  87  19  15  16  48  25  32  32  70   7  12  14
 110  74  14   9  22  56  73
REDDIT-MULTI-5K	3071.055717945099	13.166363954544067	0.439	0.7777955394726578	1	50	130  39  15   1   9  71  90  15  15  17  49  24  29  32  73   6  11  15
 114  71  16   8  18  56  76
REDDIT-MULTI-5K	3071.822352409363	13.237364292144775	0.431	0.7789462540522889	1	50	128  40  16   1   9  73  87  18  13  17  47  25  32  31  72   6  11  16
 110  74  15   8  22  55  74
REDDIT-MULTI-5K	3065.583739757538	13.279287338256836	0.433	0.7785843505822153	1	50	131  38  16   1   8  75  87  17  13  16  48  24  32  32  71   7  11  15
 110  74  14  10  22  55  73
REDDIT-MULTI-12K	11563.166183710098	17.205771923065186	0.2673931265716681	0.7278739193713087	1	3	 12   0   0   6   5   0   4   6   0 102   8   2   0   0  32   1   1   2
   2   0 163  16   2   0   0  23   3   0   1   0   0 171   5   2   0   0
  60   4   7  11   0   0 108  42   2   0   0  12  17   0   0   0   0  65
   3   0   0   0  62   1   1   6   0   0 112  24   0   0   0  44   0   1
  20   0   0 103  68   1   0   0   6   1   0   0   2   0 196   0   0   0
   0  10   0   0   2   0   0  78   5   0   0   0  32   2   0   9   1   0
 413  83   1   0   0  22   1   0  13   0   0  53 113
REDDIT-MULTI-12K	11564.072367191315	17.024380922317505	0.26697401508801344	0.7275623179940633	1	3	 12   0   0   6   6   0   4   5   0 102   8   2   0   0  32   1   1   2
   2   0 163  16   2   0   0  23   3   0   1   0   0 171   5   2   0   0
  60   4   7  10   0   0 108  43   2   0   0  12  17   0   0   0   0  65
   3   0   0   0  62   1   1   4   0   0 112  26   0   0   0  44   0   1
  18   0   0 103  70   1   0   0   6   1   0   0   2   0 196   0   0   0
   0  10   0   0   2   0   0  78   5   0   0   0  32   2   0   8   1   0
 413  84   1   0   0  22   1   0  12   0   0  53 114
REDDIT-MULTI-12K	11781.998092412949	17.195330381393433	0.2673931265716681	0.728327509621191	1	3	 13   0   0   6   5   0   4   5   0 102   8   2   0   0  32   1   1   2
   2   0 163  16   2   0   0  23   3   0   1   0   0 171   5   2   0   0
  60   4   7  10   0   0 108  43   2   0   0  12  17   0   0   0   0  65
   3   0   0   0  62   1   1   4   0   0 112  26   0   0   0  44   0   1
  18   0   0 103  70   1   0   0   6   1   0   0   2   0 196   0   0   0
   0  10   0   0   2   0   0  78   5   0   0   0  32   2   0   8   1   0
 413  84   1   0   0  22   1   0  12   0   0  53 114
REDDIT-MULTI-12K	11558.885882854462	17.280780792236328	0.2673931265716681	0.7284386541822802	1	3	 15   0   0   6   5   1   4   4   0 101   7   3   0   0  32   1   2   1
   1   0 163  16   2   0   0  21   3   2   1   2   0 169   5   2   0   0
  59   4   9  10   3   0 107  40   2   0   0   9  17   0   0   4   0  64
   3   0   0   0  58   1   3   8   2   0 112  22   0   0   0  43   0   3
  16   2   0 101  71   3   0   0   4   1   2   0   1   0 195   0   0   0
   0   9   0   1   2   0   0  78   5   1   0   0  34   2   0   5   2   0
 411  85   1   0   0  22   1   2  11   0   0  50 116
REDDIT-MULTI-12K	11562.03553533554	17.193305015563965	0.26697401508801344	0.7287734430621438	1	3	 14   0   0   6   5   1   4   5   0 101   7   2   0   0  33   1   1   1
   2   0 163  16   2   0   0  21   3   2   1   2   0 169   5   2   0   0
  59   4  11  10   1   0 107  40   2   0   1   9  17   1   0   2   0  64
   3   0   0   2  58   1   3   8   0   0 112  22   0   0   0  43   0   3
  16   2   0 101  71   2   0   0   4   1   2   0   2   0 195   0   0   0
   0   9   0   1   2   0   0  78   5   1   0   0  34   2   0   5   3   0
 410  85   1   0   0  22   1   2  11   0   0  50 116
REDDIT-MULTI-12K	11614.495503425598	17.77633786201477	0.2808046940486169	0.7468468935175491	1	5	 26   0   1  14   6   2   3   7   0  78   6   3   0   0  34   0   4   6
  10   0 149  13   5   0   2  27   2   2   0  10   0 151   6   8   0   0
  82   5   6  15   2   0  78  38   8   0   0  18  18   1   1   6   0  44
   3   2   1   0  64   1   2   7   3   0 103  23   1   0   0  46   0   3
  13   4   0  97  72   3   0   0   5   1   1   0  15   0 181   0   0   0
   0  11   0   1   1   0   0  76   6   1   0   0  35   2   0   8  14   0
 402  78   1   0   0  22   2   0  15   0   0  53 110
REDDIT-MULTI-12K	11650.99559879303	17.750874280929565	0.28834870075440067	0.7445773936965104	1	5	 28   0   2  13   5   1   4  10   0  74   6   1   0   1  37   2   1   7
  16   0 140  14   3   0   3  26   2   2   1  15   0 147   6   7   0   0
  79   5   2  23   3   0  78  37   8   0   0  17  21   3   1   3   0  43
   3   1   1   0  63   1   3   8   5   0  99  25   0   0   0  43   0   1
  21   4   0  99  68   4   0   2   6   1   1   0  22   0 170   0   0   0
   0  11   0   1   1   2   0  74   6   4   0   0  32   0   2  10  13   0
 400  79   1   0   0  21   2   0  16   0   0  52 111
REDDIT-MULTI-12K	11603.575843811035	18.76904010772705	0.28667225481978204	0.7448696651378632	1	5	 27   0   2  15   4   1   4  11   0  73   6   2   0   0  37   1   1   7
  15   0 142  14   3   0   2  26   2   2   1  15   0 148   6   8   0   0
  80   5   2  23   2   0  78  36   9   0   0  18  19   3   1   3   0  43
   3   1   1   0  63   1   3   8   5   0  99  25   0   0   0  44   0   1
  21   4   0  98  68   5   0   2   6   1   1   0  21   0 170   0   0   0
   0  11   0   1   1   2   0  74   6   4   0   0  33   0   2  10  12   0
 400  79   1   0   0  21   2   0  16   0   0  52 111
REDDIT-MULTI-12K	11567.637686491013	17.541507959365845	0.28164291701592625	0.7459972903882431	1	5	 26   0   1  14   5   2   3   9   0  77   6   2   0   0  34   1   4   6
  13   0 146  13   5   0   2  27   2   2   0  10   0 151   6   8   0   0
  78   5   8  17   2   0  78  38   7   0   0  18  19   2   1   5   0  44
   3   2   1   0  64   1   3   8   4   0 100  23   1   0   0  46   0   3
  13   3   0  98  72   3   0   0   5   1   1   0  17   0 179   0   0   0
   0  11   0   1   1   0   0  76   6   2   0   0  35   1   0   8  12   0
 404  78   1   0   0  22   2   0  16   0   0  52 110
REDDIT-MULTI-12K	11572.633331537247	17.765509128570557	0.2837384744341995	0.7449131785434869	1	5	 26   0   1  14   5   1   4  10   0  76   6   2   0   0  35   1   1   7
  16   0 143  14   3   0   2  26   2   2   1  15   0 148   6   7   0   0
  79   5   2  23   3   0  78  37   8   0   0  18  20   3   1   3   0  43
   3   1   1   0  63   1   3   8   4   0 100  25   0   0   0  43   0   1
  21   3   0 100  68   4   0   0   5   1   1   0  15   0 180   0   0   0
   0  11   0   1   1   0   0  76   6   4   0   0  32   0   2  10  13   0
 400  79   1   0   0  21   2   0  16   0   0  52 111
