ENZYMES	4.360480546951294	9.179866552352905	0.375	0.740064172574245	1	3	 4  4  5  2  2  2  1  7  4  3  1  1  1  2  7  1  4  2  4  5  2  8  3  2
  3  2  1  3  7  4  1  3  0  1  6 12
ENZYMES	4.358472585678101	7.867588758468628	0.4166666666666667	0.7532038815152187	1	3	 3  5  4  3  3  1  0  7  6  2  1  1  1  1  7  1  5  2  4  4  2  9  4  1
  2  1  1  2 11  3  0  3  0  1  6 13
ENZYMES	4.336168050765991	7.80116605758667	0.4083333333333333	0.7492830408763522	1	3	 2  5  4  3  3  2  0  7  6  2  1  1  1  2  7  1  4  2  4  3  2  9  4  2
  2  1  1  2 11  3  0  3  0  1  6 13
ENZYMES	4.3363494873046875	7.7789576053619385	0.4166666666666667	0.7532038815152187	1	3	 3  5  4  3  3  1  0  7  6  2  1  1  1  1  7  1  5  2  4  4  2  9  4  1
  2  1  1  2 11  3  0  3  0  1  6 13
ENZYMES	4.335777521133423	7.75278639793396	0.4166666666666667	0.7532038815152187	1	3	 3  5  4  3  3  1  0  7  6  2  1  1  1  1  7  1  5  2  4  4  2  9  4  1
  2  1  1  2 11  3  0  3  0  1  6 13
ENZYMES	4.35561728477478	7.963346481323242	0.4	0.7511556933094915	1	5	 3  5  4  3  3  1  0  7  6  3  0  1  2  1  7  3  3  1  4  5  3  9  2  1
  2  1  1  2 11  3  1  2  0  2  7 11
ENZYMES	4.351006507873535	8.005422115325928	0.4083333333333333	0.7527888037316686	1	5	 3  5  4  2  3  2  0  7  6  3  0  1  2  1  7  3  3  1  4  4  2  9  4  1
  2  1  1  2 11  3  0  3  0  2  6 12
ENZYMES	4.347689867019653	8.08863377571106	0.39166666666666666	0.743287167227343	1	5	 4  5  5  1  2  2  1  7  5  3  0  1  1  2  6  1  5  2  4  4  2  8  4  2
  3  1  0  3 10  3  1  3  0  1  6 12
ENZYMES	4.3484046459198	8.072046041488647	0.4	0.7511556933094915	1	5	 3  5  4  3  3  1  0  7  6  3  0  1  2  1  7  3  3  1  4  5  3  9  2  1
  2  1  1  2 11  3  1  2  0  2  7 11
ENZYMES	4.34849739074707	7.949110984802246	0.4	0.7511556933094915	1	5	 3  5  4  3  3  1  0  7  6  3  0  1  2  1  7  3  3  1  4  5  3  9  2  1
  2  1  1  2 11  3  1  2  0  2  7 11
ENZYMES	4.415626287460327	7.829158067703247	0.425	0.7502306679120183	1	10	 3  4  5  3  2  2  1  7  5  3  0  1  1  2  9  1  3  1  3  4  2  8  3  4
  2  0  0  3 11  4  0  3  0  1  6 13
ENZYMES	4.423155784606934	7.773508548736572	0.425	0.7619777989831859	1	10	 3  6  4  3  2  1  1  7  5  2  1  1  1  2  9  1  3  1  4  3  2 10  3  2
  2  1  1  4  9  3  0  3  0  1  6 13
ENZYMES	4.404748916625977	8.035348892211914	0.425	0.7502306679120183	1	10	 3  4  5  3  2  2  1  7  5  3  0  1  1  2  9  1  3  1  3  4  2  8  3  4
  2  0  0  3 11  4  0  3  0  1  6 13
ENZYMES	4.406264543533325	7.7776570320129395	0.4083333333333333	0.7641406744974034	1	10	 3  6  4  3  2  1  1  7  5  3  0  1  1  2  9  1  3  1  5  3  2  9  3  2
  2  1  2  4  8  3  0  3  0  1  6 13
ENZYMES	4.411776542663574	7.867960453033447	0.43333333333333335	0.7516406704605757	1	10	 4  4  5  2  2  2  1  7  5  2  1  1  1  2  9  0  4  1  3  4  2  8  3  4
  2  0  0  3 11  4  0  3  0  1  6 13
ENZYMES	4.526429176330566	7.683256149291992	0.39166666666666666	0.7503056373620268	1	20	 2  5  4  4  2  2  1  6  5  2  2  1  2  1  9  2  2  1  4  3  2  8  4  3
  1  1  2  3  9  4  0  3  0  1  6 13
ENZYMES	4.518834829330444	7.855748414993286	0.39166666666666666	0.7448650367218389	1	20	 3  4  4  3  3  2  1  6  5  3  1  1  1  2  8  1  4  1  3  6  2  7  3  3
  1  1  0  3 10  5  0  4  0  0  6 13
ENZYMES	4.514153957366943	7.710661888122559	0.39166666666666666	0.7503056373620268	1	20	 2  5  4  4  2  2  1  6  5  2  2  1  2  1  9  2  2  1  4  3  2  8  4  3
  1  1  2  3  9  4  0  3  0  1  6 13
ENZYMES	4.512033939361572	7.774466037750244	0.4166666666666667	0.7526299151552233	1	20	 2  5  4  4  2  2  1  6  5  2  2  1  2  1 10  2  1  1  4  5  2  8  2  3
  0  1  1  2 11  5  0  3  0  1  6 13
ENZYMES	4.5116822719573975	7.8124401569366455	0.39166666666666666	0.7503056373620268	1	20	 2  5  4  4  2  2  1  6  5  2  2  1  2  1  9  2  2  1  4  3  2  8  4  3
  1  1  2  3  9  4  0  3  0  1  6 13
ENZYMES	4.838095664978027	7.816574811935425	0.39166666666666666	0.725583420078125	1	50	 1  5  5  4  1  3  1  5  5  4  1  1  2  1 10  2  1  1  2  5  2  8  2  5
  0  1  2  4  9  4  0  3  1  0  5 14
ENZYMES	4.840688705444336	7.6454808712005615	0.375	0.7246531001797951	1	50	 1  4  6  4  1  3  1  5  5  4  1  1  2  1 10  2  1  1  2  5  2  7  3  5
  0  1  2  4  9  4  0  4  1  0  5 13
ENZYMES	4.831904888153076	7.855613470077515	0.375	0.7224238236434789	1	50	 1  4  5  4  2  3  1  5  5  4  1  1  2  1 10  2  1  1  1  6  2  9  2  4
  2  2  3  2  7  4  0  5  1  0  4 13
ENZYMES	4.845943212509155	7.700882434844971	0.375	0.7246531001797951	1	50	 1  4  6  4  1  3  1  5  5  4  1  1  2  1 10  2  1  1  2  5  2  7  3  5
  0  1  2  4  9  4  0  4  1  0  5 13
ENZYMES	4.842941761016846	7.857846975326538	0.4	0.7235772712669886	1	50	 1  3  6  4  2  3  1  5  5  4  1  1  2  2 10  0  2  1  2  6  2  9  2  3
  1  2  2  1 10  4  0  4  0  0  6 13
BZR	2.6168155670166016	6.983457326889038	0.8518518518518519	0.783582089552239	1	3	66  1 11  3
BZR	2.575913906097412	7.033901691436768	0.8518518518518519	0.783582089552239	1	3	66  1 11  3
BZR	2.579343795776367	6.880313158035278	0.8518518518518519	0.783582089552239	1	3	66  1 11  3
BZR	2.575354814529419	6.8797454833984375	0.8518518518518519	0.7771855010660981	1	3	66  1 11  3
BZR	2.5824689865112305	6.890164852142334	0.8518518518518519	0.7771855010660981	1	3	66  1 11  3
BZR	2.5955607891082764	7.281891107559204	0.8641975308641975	0.791044776119403	1	5	67  0 11  3
BZR	2.5896103382110596	7.1886985301971436	0.8641975308641975	0.791044776119403	1	5	67  0 11  3
BZR	2.5866940021514893	7.232909202575684	0.8641975308641975	0.7803837953091686	1	5	67  0 11  3
BZR	2.5905401706695557	7.274962425231934	0.8641975308641975	0.7803837953091686	1	5	67  0 11  3
BZR	2.588452100753784	7.125497102737427	0.8641975308641975	0.791044776119403	1	5	67  0 11  3
BZR	2.623443841934204	7.020931959152222	0.8641975308641975	0.7782515991471216	1	10	67  0 11  3
BZR	2.6161651611328125	6.882345676422119	0.8641975308641975	0.7782515991471215	1	10	67  0 11  3
BZR	2.6234729290008545	7.010137557983398	0.8641975308641975	0.7782515991471216	1	10	67  0 11  3
BZR	2.626863718032837	7.000913143157959	0.8641975308641975	0.7782515991471216	1	10	67  0 11  3
BZR	2.6253838539123535	6.961406469345093	0.8641975308641975	0.7782515991471216	1	10	67  0 11  3
BZR	2.697202205657959	6.962966203689575	0.8641975308641975	0.7665245202558635	1	20	67  0 11  3
BZR	2.6910338401794434	6.985863447189331	0.8641975308641975	0.7697228144989339	1	20	67  0 11  3
BZR	2.6954751014709473	6.866227388381958	0.8641975308641975	0.7665245202558635	1	20	67  0 11  3
BZR	2.694756507873535	7.000173568725586	0.8641975308641975	0.7697228144989339	1	20	67  0 11  3
BZR	2.6906983852386475	6.820972681045532	0.8641975308641975	0.7665245202558635	1	20	67  0 11  3
BZR	2.9070076942443848	6.973597288131714	0.8518518518518519	0.7707889125799573	1	50	66  1 11  3
BZR	2.9064488410949707	6.907962799072266	0.8518518518518519	0.7707889125799573	1	50	66  1 11  3
BZR	2.90307354927063	6.974937677383423	0.8518518518518519	0.7707889125799573	1	50	66  1 11  3
BZR	2.90792179107666	7.0082080364227295	0.8518518518518519	0.7707889125799573	1	50	66  1 11  3
BZR	2.910396099090576	6.8487794399261475	0.8518518518518519	0.7707889125799573	1	50	66  1 11  3
MUTAG	0.38158226013183594	6.594122409820557	0.9210526315789473	0.9807692307692308	1	3	10  2  1 25
MUTAG	0.3818032741546631	6.604003429412842	0.9210526315789473	0.9807692307692308	1	3	10  2  1 25
MUTAG	0.38107728958129883	6.647134304046631	0.8947368421052632	0.9647435897435898	1	3	 9  3  1 25
MUTAG	0.3813142776489258	6.773010492324829	0.8947368421052632	0.9647435897435898	1	3	 9  3  1 25
MUTAG	0.3813302516937256	6.5877180099487305	0.9210526315789473	0.9775641025641026	1	3	10  2  1 25
MUTAG	0.3846290111541748	6.6559484004974365	0.8947368421052632	0.967948717948718	1	5	 9  3  1 25
MUTAG	0.3834869861602783	6.670778751373291	0.9210526315789473	0.9711538461538461	1	5	10  2  1 25
MUTAG	0.3836064338684082	6.838982105255127	0.8947368421052632	0.967948717948718	1	5	 9  3  1 25
MUTAG	0.3848745822906494	6.814075469970703	0.8947368421052632	0.967948717948718	1	5	 9  3  1 25
MUTAG	0.3844418525695801	6.7030229568481445	0.8947368421052632	0.9743589743589743	1	5	 9  3  1 25
MUTAG	0.39134788513183594	6.827449083328247	0.9210526315789473	0.9647435897435898	1	10	10  2  1 25
MUTAG	0.39169859886169434	6.825827598571777	0.9210526315789473	0.9647435897435898	1	10	10  2  1 25
MUTAG	0.3942685127258301	6.624504566192627	0.9210526315789473	0.9711538461538461	1	10	10  2  1 25
MUTAG	0.39176273345947266	6.6664793491363525	0.9210526315789473	0.9647435897435898	1	10	10  2  1 25
MUTAG	0.39371156692504883	6.485490322113037	0.9210526315789473	0.9711538461538461	1	10	10  2  1 25
MUTAG	0.41135120391845703	6.8163957595825195	0.9210526315789473	0.967948717948718	1	20	10  2  1 25
MUTAG	0.4116368293762207	6.737518310546875	0.9210526315789473	0.967948717948718	1	20	10  2  1 25
MUTAG	0.41208982467651367	6.928990602493286	0.9210526315789473	0.967948717948718	1	20	10  2  1 25
MUTAG	0.41089773178100586	6.588841438293457	0.9210526315789473	0.9743589743589745	1	20	10  2  1 25
MUTAG	0.41208505630493164	6.847624778747559	0.9210526315789473	0.967948717948718	1	20	10  2  1 25
MUTAG	0.47029709815979004	6.694106817245483	0.868421052631579	0.9807692307692307	1	50	 8  4  1 25
MUTAG	0.46809983253479004	6.646571159362793	0.9210526315789473	0.9711538461538461	1	50	10  2  1 25
MUTAG	0.47147536277770996	6.570133447647095	0.9210526315789473	0.9743589743589743	1	50	10  2  1 25
MUTAG	0.46866798400878906	6.613217115402222	0.9210526315789473	0.9743589743589743	1	50	10  2  1 25
MUTAG	0.4691894054412842	6.770256280899048	0.9210526315789473	0.9743589743589743	1	50	10  2  1 25
PROTEINS	20.636507987976074	8.949857711791992	0.7443946188340808	0.7871295371295371	1	3	110  22  35  56
PROTEINS	20.59830331802368	8.797047853469849	0.7443946188340808	0.7871295371295371	1	3	110  22  35  56
PROTEINS	20.614732027053833	8.956534385681152	0.7354260089686099	0.7868797868797869	1	3	109  23  36  55
PROTEINS	20.649497747421265	8.854304313659668	0.7443946188340808	0.7871295371295371	1	3	110  22  35  56
PROTEINS	20.635867595672607	8.912731647491455	0.7443946188340808	0.7861305361305362	1	3	110  22  35  56
PROTEINS	20.693304300308228	9.135014057159424	0.7399103139013453	0.7866300366300366	1	5	109  23  35  56
PROTEINS	20.659998178482056	9.02865719795227	0.7399103139013453	0.7866300366300366	1	5	109  23  35  56
PROTEINS	20.61612319946289	9.16046953201294	0.7399103139013453	0.7866300366300366	1	5	109  23  35  56
PROTEINS	20.649678468704224	9.1570143699646	0.7399103139013453	0.7866300366300366	1	5	109  23  35  56
PROTEINS	20.63697648048401	9.134378910064697	0.7399103139013453	0.7879620379620379	1	5	109  23  35  56
PROTEINS	20.75457525253296	8.734307289123535	0.7399103139013453	0.7927072927072927	1	10	107  25  33  58
PROTEINS	20.76192879676819	8.867643356323242	0.7354260089686099	0.7910422910422911	1	10	107  25  34  57
PROTEINS	20.809133768081665	8.952215671539307	0.7488789237668162	0.7891275391275392	1	10	111  21  35  56
PROTEINS	20.774224758148193	8.915583848953247	0.7354260089686099	0.7910422910422911	1	10	107  25  34  57
PROTEINS	20.796293020248413	8.796144723892212	0.7354260089686099	0.7910422910422911	1	10	107  25  34  57
PROTEINS	20.97471022605896	8.833319425582886	0.7399103139013453	0.7851315351315351	1	20	110  22  36  55
PROTEINS	20.935142755508423	8.83516263961792	0.7354260089686099	0.7855477855477855	1	20	110  22  37  54
PROTEINS	20.996514558792114	8.672208547592163	0.7443946188340808	0.7844655344655345	1	20	110  22  35  56
PROTEINS	21.019221544265747	8.754833221435547	0.7399103139013453	0.7857142857142857	1	20	110  22  36  55
PROTEINS	20.948610305786133	8.618844747543335	0.7399103139013453	0.7851315351315351	1	20	110  22  36  55
PROTEINS	21.657006978988647	8.844420671463013	0.7443946188340808	0.7867965367965368	1	50	110  22  35  56
PROTEINS	21.725078344345093	8.862112045288086	0.7354260089686099	0.7833832833832833	1	50	109  23  36  55
PROTEINS	21.713356018066406	8.679364919662476	0.7354260089686099	0.7833832833832833	1	50	109  23  36  55
PROTEINS	21.677865982055664	8.841932773590088	0.7443946188340808	0.7867965367965368	1	50	110  22  35  56
PROTEINS	21.670700550079346	8.751359939575195	0.757847533632287	0.7851315351315351	1	50	112  20  34  57
DHFR	7.889754056930542	7.637465238571167	0.7039473684210527	0.7766168257971536	1	3	25 36  9 82
DHFR	7.938937187194824	7.599702835083008	0.7039473684210527	0.7766168257971536	1	3	25 36  9 82
DHFR	7.901503562927246	7.815983772277832	0.7039473684210527	0.7766168257971536	1	3	25 36  9 82
DHFR	7.887906312942505	7.661936521530151	0.7039473684210527	0.7766168257971536	1	3	25 36  9 82
DHFR	7.900813102722168	7.683041095733643	0.7039473684210527	0.7766168257971536	1	3	25 36  9 82
DHFR	7.924658536911011	7.785481691360474	0.7039473684210527	0.779499189335255	1	5	29 32 13 78
DHFR	7.918838024139404	7.844827890396118	0.7039473684210527	0.779499189335255	1	5	29 32 13 78
DHFR	7.937404632568359	7.601637840270996	0.6973684210526315	0.7796793370563863	1	5	28 33 13 78
DHFR	7.918156385421753	7.720248222351074	0.7039473684210527	0.779499189335255	1	5	29 32 13 78
DHFR	7.915165662765503	7.833359241485596	0.7039473684210527	0.779499189335255	1	5	29 32 13 78
DHFR	7.9995973110198975	7.55485725402832	0.7105263157894737	0.7713925418843453	1	10	25 36  8 83
DHFR	8.008222818374634	7.66074800491333	0.7105263157894737	0.7713925418843453	1	10	25 36  8 83
DHFR	8.005050659179688	7.82146143913269	0.7105263157894737	0.7713925418843453	1	10	25 36  8 83
DHFR	8.003282070159912	7.570374250411987	0.7105263157894737	0.7780580075662044	1	10	26 35  9 82
DHFR	7.996781349182129	7.680338382720947	0.7105263157894737	0.7713925418843453	1	10	25 36  8 83
DHFR	8.146690845489502	7.727411508560181	0.7039473684210527	0.7670689965771933	1	20	25 36  9 82
DHFR	8.150209665298462	7.546113729476929	0.7302631578947368	0.7739146099801838	1	20	26 35  6 85
DHFR	8.142232418060303	7.591933727264404	0.7302631578947368	0.7739146099801838	1	20	26 35  6 85
DHFR	8.149443864822388	7.541516304016113	0.7039473684210527	0.7670689965771933	1	20	25 36  9 82
DHFR	8.154290676116943	7.593013525009155	0.7302631578947368	0.7739146099801838	1	20	26 35  6 85
DHFR	8.628180742263794	7.708786964416504	0.7302631578947368	0.7607638263375968	1	50	22 39  2 89
DHFR	8.621043920516968	7.441504001617432	0.6907894736842105	0.7537380652134751	1	50	17 44  3 88
DHFR	8.619499683380127	7.413626670837402	0.6907894736842105	0.7494145199063232	1	50	17 44  3 88
DHFR	8.616713523864746	7.577943563461304	0.7302631578947368	0.7607638263375968	1	50	22 39  2 89
DHFR	8.623841762542725	7.372229337692261	0.6907894736842105	0.7494145199063232	1	50	17 44  3 88
NCI1	91.42732524871826	12.223574876785278	0.6618004866180048	0.7161699151135771	1	3	328  98 180 216
NCI1	91.29114055633545	12.074345111846924	0.6630170316301703	0.7164692701664531	1	3	329  97 180 216
NCI1	91.4058449268341	11.942317485809326	0.6618004866180048	0.7161699151135771	1	3	328  98 180 216
NCI1	91.3669753074646	12.276715517044067	0.6630170316301703	0.7164692701664531	1	3	329  97 180 216
NCI1	91.29039001464844	12.18987250328064	0.6630170316301703	0.7164692701664531	1	3	329  97 180 216
NCI1	91.5331220626831	12.758000612258911	0.6581508515815085	0.7182387252809788	1	5	321 105 176 220
NCI1	91.49869298934937	12.812239646911621	0.6581508515815085	0.7182387252809788	1	5	321 105 176 220
NCI1	91.44756984710693	12.869397401809692	0.6581508515815085	0.7182387252809788	1	5	321 105 176 220
NCI1	91.62805390357971	12.819416522979736	0.6581508515815085	0.7182387252809788	1	5	321 105 176 220
NCI1	91.63187193870544	12.728712558746338	0.6581508515815085	0.7182387252809788	1	5	321 105 176 220
NCI1	91.702632188797	11.98561716079712	0.656934306569343	0.7081110399772371	1	10	328  98 184 212
NCI1	91.86355471611023	11.955829858779907	0.656934306569343	0.7081110399772371	1	10	328  98 184 212
NCI1	91.93600654602051	12.029616594314575	0.6581508515815085	0.7081703182055294	1	10	328  98 183 213
NCI1	92.00218439102173	12.035038232803345	0.6581508515815085	0.7081703182055294	1	10	328  98 183 213
NCI1	91.83431363105774	11.893771886825562	0.656934306569343	0.7081110399772371	1	10	328  98 184 212
NCI1	92.62657761573792	11.82223892211914	0.6593673965936739	0.7083333333333333	1	20	331  95 185 211
NCI1	92.49631953239441	11.947644233703613	0.6593673965936739	0.7083333333333333	1	20	331  95 185 211
NCI1	92.57774996757507	11.854169607162476	0.656934306569343	0.705861431213544	1	20	332  94 188 208
NCI1	92.21920084953308	11.87831449508667	0.6593673965936739	0.7083333333333333	1	20	331  95 185 211
NCI1	92.31377792358398	11.95135760307312	0.6593673965936739	0.7083333333333333	1	20	331  95 185 211
NCI1	94.2529239654541	11.669186353683472	0.6618004866180048	0.7013147911035236	1	50	324 102 176 220
NCI1	94.2542097568512	11.685905694961548	0.6618004866180048	0.7009591217337696	1	50	323 103 175 221
NCI1	94.4218487739563	11.89020848274231	0.6618004866180048	0.7009591217337696	1	50	323 103 175 221
NCI1	94.44177412986755	11.914855718612671	0.6545012165450121	0.70415718215014	1	50	329  97 187 209
NCI1	94.23532104492188	11.959558248519897	0.6618004866180048	0.7013147911035236	1	50	324 102 176 220
COX2	3.9067087173461914	7.282535076141357	0.7553191489361702	0.6240048989589712	1	3	71  0 23  0
COX2	3.8972911834716797	7.155953645706177	0.7553191489361702	0.6240048989589712	1	3	71  0 23  0
COX2	3.8941433429718018	7.200676202774048	0.7553191489361702	0.6240048989589712	1	3	71  0 23  0
COX2	3.9006552696228027	7.215566873550415	0.7553191489361702	0.6240048989589712	1	3	71  0 23  0
COX2	3.902585029602051	7.114270925521851	0.7553191489361702	0.6240048989589712	1	3	71  0 23  0
COX2	3.9201929569244385	7.202496767044067	0.7553191489361702	0.6203306797305572	1	5	71  0 23  0
COX2	3.9128973484039307	7.276555776596069	0.7553191489361702	0.6203306797305572	1	5	71  0 23  0
COX2	3.9206900596618652	7.2525670528411865	0.7553191489361702	0.6203306797305572	1	5	71  0 23  0
COX2	3.9259228706359863	7.164665699005127	0.7553191489361702	0.6203306797305572	1	5	71  0 23  0
COX2	3.9203505516052246	7.213746070861816	0.7553191489361702	0.6203306797305572	1	5	71  0 23  0
COX2	3.9746932983398438	7.179971694946289	0.7553191489361702	0.6350275566442132	1	10	71  0 23  0
COX2	3.9709062576293945	7.215977668762207	0.7553191489361702	0.6350275566442132	1	10	71  0 23  0
COX2	3.9659783840179443	7.114228248596191	0.7553191489361702	0.6350275566442132	1	10	71  0 23  0
COX2	3.9644947052001953	7.10517144203186	0.7553191489361702	0.6350275566442132	1	10	71  0 23  0
COX2	3.9689371585845947	7.2000932693481445	0.7553191489361702	0.6350275566442132	1	10	71  0 23  0
COX2	4.060320138931274	7.2256691455841064	0.7553191489361702	0.6227801592161666	1	20	71  0 23  0
COX2	4.060559988021851	7.143202781677246	0.7553191489361702	0.6227801592161666	1	20	71  0 23  0
COX2	4.0635826587677	7.149552583694458	0.7553191489361702	0.6227801592161666	1	20	71  0 23  0
COX2	4.064146041870117	7.150740623474121	0.7553191489361702	0.6227801592161666	1	20	71  0 23  0
COX2	4.066900730133057	7.20341420173645	0.7553191489361702	0.6227801592161666	1	20	71  0 23  0
COX2	4.34459376335144	7.1093504428863525	0.7553191489361702	0.5933864053888548	1	50	71  0 23  0
COX2	4.3506669998168945	7.213468551635742	0.7553191489361702	0.5933864053888548	1	50	71  0 23  0
COX2	4.344427824020386	7.200745582580566	0.7553191489361702	0.5933864053888548	1	50	71  0 23  0
COX2	4.347930192947388	7.262679576873779	0.7553191489361702	0.5933864053888548	1	50	71  0 23  0
COX2	4.335905075073242	7.090616464614868	0.7553191489361702	0.5933864053888548	1	50	71  0 23  0
REDDIT-MULTI-5K	99138.15550208092	19.338703632354736	0.529	0.8207356519253046	1	3	151  29  24   0   9  37 120  17   7  15  17  38  66  43  39   3  19  22
 124  32   6  23  25  66  68
REDDIT-MULTI-5K	98925.17470479012	19.645586490631104	0.529	0.8207356519253046	1	3	151  29  24   0   9  37 120  17   7  15  17  38  66  43  39   3  19  22
 124  32   6  23  25  66  68
